Geo,Year,D4c
1611,2019,0.81357
1612,2019,0.01461
1613,2019,8.58204
1614,2019,17.7391
1615,2019,0
1616,2019,0.0047
1617,2019,1.96747
1618,2019,3.0468
1619,2019,3.33278
1620,2019,3.33243
1621,2019,0.00175
1622,2019,2.89173
1623,2019,12.58609
1624,2019,4.3771
1625,2019,4.33678
1626,2019,0.08518
1627,2019,18.88204
1628.01,2019,45.97968
1628.02,2019,46.33378
1628.03,2019,46.30998
1629,2019,15.7897
1630.01,2019,14.35894
1630.02,2019,52.4478
1631,2019,56.03521
1632.01,2019,46.93327
1632.02,2019,37.51382
1632.03,2019,22.73625
1632.04,2019,16.09216
1633,2019,30.17843
1634,2019,16.33138
1635,2019,6.44998
1636,2019,7.24461
1637,2019,32.62408
1638.01,2019,26.27275
1638.02,2019,17.92757
1639.01,2019,13.62316
1639.02,2019,11.0695
1640,2019,18.5971
1641,2019,18.08962
1642,2019,25.90884
1643,2019,10.21552
1644,2019,31.89499
1645,2019,24.78619
1646,2019,17.38903
1647.01,2019,21.36108
1647.02,2019,33.17996
1648,2019,8.94946
1649,2019,11.67023
1650,2019,14.64876
1651,2019,21.64628
1652.01,2019,8.73209
1652.02,2019,14.47954
1653,2019,1.38089
1654.01,2019,21.62816
1654.02,2019,21.5161
1655,2019,11.60612
1656,2019,13.59591
1657,2019,18.33393
1658,2019,10.01365
1659,2019,10.97348
1660,2019,13.246
1661,2019,16.08609
1662.01,2019,15.15728
1662.02,2019,14.88025
1662.03,2019,13.37869
1663,2019,12.94686
1664,2019,26.87973
1665.01,2019,15.73344
1665.02,2019,11.3467
1666,2019,25.8622
1667,2019,26.35717
1668,2019,4.00872
1669,2019,5.35957
1670,2019,1.888
1671,2019,13.08918
1672.01,2019,28.17473
1672.02,2019,28.34496
1673.01,2019,32.71957
1673.02,2019,61.19613
1673.03,2019,62.01249
1674,2019,25.42423
1675.01,2019,60.38102
1675.02,2019,58.46624
1676.01,2019,58.96131
1676.02,2019,58.90311
1676.03,2019,62.20918
1677,2019,24.63321
1678,2019,16.34874
1679,2019,16.45123
1680,2019,24.45356
1681,2019,50.4669
1682.01,2019,19.22019
1682.02,2019,49.39458
1683,2019,16.33357
1684,2019,15.5763
1685,2019,0.6282
1686,2019,0.08307
1687,2019,0.00333
1688.01,2019,13.2464
1688.02,2019,50.29754
1688.03,2019,50.32651
1689.01,2019,16.44846
1689.02,2019,50.27443
1689.03,2019,50.33272
1690.01,2019,50.30844
1690.02,2019,49.9564
1691,2019,37.62463
1692,2019,24.59422
1693,2019,24.5833
1694,2019,21.99547
1695,2019,21.77592
1696,2019,18.57698
1697,2019,18.79164
1698,2019,9.29997
1699,2019,10.46878
1700,2019,0.06519
1701,2019,0.00003
1702,2019,0
1703,2019,18.387
1704.01,2019,61.20629
1704.02,2019,61.84742
1704.03,2019,61.84486
1705,2019,5.37238
1706,2019,34.57894
1707,2019,16.05877
1708,2019,15.49022
1709,2019,3.00204
1710,2019,2.99706
1711,2019,0.00767
1712,2019,0.00043
1713,2019,0.00005
1714,2019,0.00256
1715,2019,7.60983
1716,2019,1.76415
1717,2019,22.05727
1718,2019,1.48752
1719,2019,6.00116
1720,2019,10.46471
1721,2019,10.14112
1722,2019,12.10014
1723,2019,78.20638
1724,2019,66.12459
1725.01,2019,79.51321
1725.02,2019,78.66667
1726.01,2019,77.0997
1726.02,2019,76.01342
1727,2019,133.66667
1728.01,2019,137.33333
1728.02,2019,137.00889
1729.01,2019,133.6504
1729.02,2019,133.66667
1730.01,2019,107.06965
1730.02,2019,136.78355
1731.01,2019,152.39119
1731.02,2019,152.86571
1731.03,2019,151.56625
1732,2019,80.78742
1733,2019,53.85842
1734,2019,22.84105
1735,2019,23.31426
1736,2019,43.19917
1737,2019,49.1203
1738,2019,25.06181
1739.01,2019,152.67631
1739.02,2019,137.19049
1739.03,2019,141.03654
1740,2019,173.13381
1741.01,2019,150.67281
1741.02,2019,151.61153
1741.03,2019,150.63247
1742.01,2019,129.36098
1742.02,2019,129.35299
1743,2019,129.29137
1744.01,2019,143.80466
1744.02,2019,142.30346
1745,2019,143.53376
1746,2019,60.05898
1747,2019,91.63659
1748,2019,24.76696
1749,2019,62.37227
1750.01,2019,95.96286
1750.02,2019,96.85287
1750.03,2019,95.50294
1751,2019,55.08732
1752.01,2019,47.70936
1752.02,2019,17.88219
1753.01,2019,62.33333
1753.02,2019,62.33333
1753.03,2019,62.16761
1754.01,2019,16.52742
1754.02,2019,23.68606
1754.03,2019,23.65176
1755,2019,18.74368
1756,2019,62.32609
1757,2019,33.98592
1758,2019,22.71677
1759,2019,17.52588
1760,2019,7.38588
1761,2019,112.12853
1762,2019,26.23339
1763,2019,18.73972
1764,2019,1.34983
1765,2019,0.0114
1766,2019,20.98095
1767,2019,78.72344
1768,2019,94.56861
1769,2019,93.95965
1770.01,2019,56.05118
1770.02,2019,55.66667
1771,2019,41.89437
1772,2019,45.95711
1773,2019,55.66667
1774,2019,55.29381
1775,2019,0.22982
1776,2019,2.17596
1777,2019,0.02916
1778,2019,5.38205
1779,2019,32.54959
1780,2019,11.37185
1781,2019,0.27962
1782,2019,0.15151
1783,2019,0.0329
1784,2019,18.73941
1785,2019,27.91899
1786,2019,24.30324
1787,2019,24.3457
1788,2019,28.28472
1789,2019,52.74028
1790,2019,34.6632
1791,2019,22.66834
1792,2019,25.52595
1793.01,2019,21.69124
1793.02,2019,21.65982
1794,2019,14.39807
1795,2019,32.79306
1796.01,2019,29.01371
1796.02,2019,17.8933
1796.03,2019,19.99088
1797.01,2019,31.33333
1797.02,2019,31.33723
1797.03,2019,29.46804
1798.01,2019,26.61804
1798.02,2019,26.70661
1798.03,2019,26.66312
1798.04,2019,26.64758
1799,2019,13.49696
1800.01,2019,28.70699
1800.02,2019,11.99767
1800.03,2019,29.98934
1800.04,2019,35.35692
1800.05,2019,34.9756
1800.06,2019,30.22121
1801,2019,25.63859
1802,2019,26.9576
1803,2019,81.33635
1804,2019,82.37327
1805,2019,48.97067
1806,2019,77.27189
1807,2019,23.41734
1808,2019,25.36076
1809,2019,69.89905
1810,2019,41.71905
1811,2019,43.0191
1812,2019,57.50259
1813,2019,57.75986
1814.01,2019,115.17829
1814.02,2019,86.1961
1815,2019,23.10579
1816,2019,84.68161
1817.01,2019,118.66667
1817.02,2019,118.44166
1817.03,2019,118.66667
1818,2019,97.67064
1819,2019,52.70313
1820,2019,52.40767
1821,2019,42.71988
1822,2019,74.76084
1823,2019,45.97318
1824,2019,56.85705
1825,2019,72.16656
1826,2019,3.97099
1827,2019,4.2168
1828,2019,0.47615
1829,2019,0.00871
1830,2019,6.58756
1831,2019,24.222
1832.01,2019,105.83208
1832.02,2019,100.76702
1832.03,2019,30.5503
1833.01,2019,114
1833.02,2019,115.04234
1833.03,2019,114.49906
1834,2019,113.81994
1835,2019,113.99919
1836,2019,79.56897
1837,2019,116.99991
1838.01,2019,118.20113
1838.02,2019,117.50252
1839,2019,238.26639
1840,2019,118.39681
1841.01,2019,241.97465
1841.02,2019,239.61378
1841.03,2019,242.229
1841.04,2019,211.84594
1842.01,2019,242.33333
1842.02,2019,242.33333
1843.01,2019,240.22776
1843.02,2019,242.33333
1844,2019,242.33333
1845.01,2019,241.8705
1845.02,2019,239.3803
1845.03,2019,242.33333
1846.01,2019,238.97754
1846.02,2019,242.33333
1847.01,2019,142.28207
1847.02,2019,142.11595
1848.01,2019,84.92308
1848.02,2019,108.01562
1849.01,2019,103.00077
1849.02,2019,126.45349
1850,2019,75.01433
1851.01,2019,152.18583
1851.02,2019,122.83323
1852.01,2019,159.7784
1852.02,2019,143.19777
1853.01,2019,160.42861
1853.02,2019,170.42685
1854.01,2019,165.48989
1854.02,2019,164.21517
1855,2019,242.3317
1856,2019,121.44408
1857,2019,119.8981
1858,2019,46.90713
1859,2019,44.65378
1860,2019,66.35341
1861,2019,81.31462
1862,2019,53.2364
1863,2019,52.34134
1864,2019,80.67054
1865.01,2019,76.31782
1865.02,2019,78.42124
1865.03,2019,80.66667
1865.04,2019,80.66667
1866.01,2019,49.78236
1866.02,2019,32.79231
1866.03,2019,49.07371
1867.01,2019,65.95553
1867.02,2019,55.88751
1868.01,2019,117.00708
1868.02,2019,116.70511
1868.03,2019,117.77581
1869.01,2019,91.70915
1869.02,2019,95.28728
1870,2019,90.2773
1871,2019,55.5673
1872,2019,42.43638
1873,2019,93.44358
1874,2019,94.81072
1875,2019,53.4761
1876,2019,72.02725
1877,2019,86.5851
1878,2019,72.56937
1879,2019,44.55498
1880,2019,59.12023
1881,2019,37.05361
1882,2019,11.16295
1883,2019,0.01897
1884,2019,0.01109
1885,2019,0.07026
1886,2019,0.28408
1887,2019,27.53532
1888,2019,113.60353
1889,2019,112.81368
1890,2019,10.89935
1891,2019,5.22357
1892,2019,4.11492
1893,2019,11.71612
1894,2019,10.58785
1895,2019,10.63706
1896,2019,0.00807
1897,2019,0.00668
1898,2019,0
1899,2019,0.00293
1900,2019,18.70136
1901.01,2019,305.78381
1901.02,2019,305.99867
1901.03,2019,305.0643
1902,2019,178.24886
1903,2019,118.53826
1904,2019,305.995
1905,2019,72.26012
1906.01,2019,86.28414
1906.02,2019,98.97825
1907,2019,134.44425
1908,2019,104.64202
1909,2019,136.39638
1910,2019,278.33333
1911,2019,278.32033
1912,2019,279.38452
1913,2019,59.84275
1914,2019,99.59542
1915,2019,6.12994
1916,2019,45.15652
1917,2019,59.76137
1918,2019,29.09461
1919,2019,43.2593
1920,2019,113.76846
1921,2019,92.91752
1922,2019,21.04758
1923,2019,106.76279
1924,2019,78.38494
1925,2019,123.28993
1926,2019,122.86682
1927,2019,45.38189
1928,2019,32.50676
1929,2019,43.85984
1930,2019,42.91772
1931,2019,27.43435
1932,2019,41.92275
1933,2019,35.04245
1934,2019,41.87538
1935,2019,59.34098
1936,2019,78.75303
1937,2019,128.84782
1938,2019,91.53827
1939,2019,133.23832
1940,2019,101.20059
1941,2019,84.32255
1942,2019,87.18057
1943.01,2019,89.9964
1943.02,2019,90
1943.03,2019,85.85808
1944.01,2019,137.48107
1944.02,2019,138.9878
1944.03,2019,126.73217
1944.04,2019,78.78458
1944.05,2019,77.6135
1944.06,2019,139
1945.01,2019,159.28658
1945.02,2019,161.80098
1945.03,2019,134.14981
1946,2019,120.22273
1947,2019,76.72027
1948,2019,61.90468
1949,2019,0.97601
1950,2019,71.09949
1951,2019,38.72445
1952,2019,227.20814
1953,2019,20.48109
1954,2019,25.52608
1955,2019,117.4846
1956,2019,114.72723
1957,2019,136.55248
1958,2019,104.58911
1959,2019,116.95538
1960,2019,34.40169
1961,2019,27.60436
1962,2019,39.30196
1963,2019,33.49682
1964,2019,31.66538
1965,2019,35.59763
1966.01,2019,41.37974
1966.02,2019,42.51418
1967,2019,42.70884
1968.01,2019,72.27889
1968.02,2019,64.22972
1969.01,2019,156.68687
1969.02,2019,156.86899
1970,2019,41.62307
1971,2019,154.69405
1972.01,2019,78.55598
1972.02,2019,77.73845
1972.03,2019,71.51681
1972.04,2019,71.36104
1973.01,2019,153.67061
1973.02,2019,156.52591
1973.03,2019,156.07448
1973.04,2019,156.20795
1974,2019,69.85346
1975,2019,53.30853
1976,2019,18.80942
1977,2019,44.74778
1978,2019,40.96015
1979,2019,65.04465
1980,2019,40.40757
1981,2019,149.93763
1982,2019,95.45124
1983,2019,64.12862
1984,2019,75.933
1985,2019,55.78491
1986,2019,55.66631
1987,2019,53.72763
1988,2019,26.08367
1989.01,2019,51.43661
1989.02,2019,94.55316
1989.03,2019,94.72011
1990,2019,92.54289
1991,2019,129.23978
1992,2019,123.3993
1993,2019,177.66305
1994,2019,226.76658
1995,2019,163.04543
1996,2019,177.17586
1997,2019,88.5039
1998,2019,113.30072
1999,2019,167.92863
2000,2019,92.34168
2001,2019,152.2212
2002,2019,68.95721
2003,2019,62.23073
2004,2019,86.90754
2005,2019,149.90884
2006.01,2019,58
2006.02,2019,58
2007,2019,66.70825
2008,2019,48.31604
2009,2019,143.30403
2010,2019,160.6171
2011,2019,83.80062
2012.01,2019,69.45639
2012.02,2019,77.87936
2013.01,2019,147.82227
2013.02,2019,146.57421
2014,2019,99.40177
2015,2019,103.3432
2016,2019,103.33333
2017,2019,103.41853
2018.01,2019,84.66667
2018.02,2019,84.66787
2018.03,2019,84.39391
2019,2019,126.30212
2020,2019,89.27793
2021,2019,87.68725
2022,2019,85.69186
2023,2019,60.72845
2024,2019,163.68955
2025.01,2019,166.18179
2025.02,2019,165.94608
2025.03,2019,166.33333
2026,2019,149.66667
2027,2019,147.25659
2028,2019,149.66667
2029,2019,160.21148
2030,2019,160.5739
2031,2019,146.74098
2032,2019,147.37607
2033,2019,64.67308
2034,2019,68.63564
2035,2019,92.35186
2036.01,2019,51.75264
2036.02,2019,38.71068
2036.03,2019,51.96857
2037,2019,41.77793
2038,2019,55.6509
2039,2019,62.4072
2040,2019,35.3253
2041,2019,43.52136
2042,2019,49.17199
2043,2019,38.62237
2044.01,2019,79.62212
2044.02,2019,148.59742
2045,2019,140.53125
2046,2019,119.51815
2047.01,2019,73.97248
2047.02,2019,122.14462
2048,2019,41.74246
2049,2019,80.92316
2050,2019,33.60305
2051,2019,44.45745
2052,2019,57.07038
2053,2019,137.91571
2054,2019,66.24605
2055,2019,120.03818
2056,2019,108.86031
2057,2019,29.5456
2058,2019,59.82077
2059,2019,137.90731
2060,2019,126.94053
2061.01,2019,175.78274
2061.02,2019,178.66667
2062.01,2019,151.43296
2062.02,2019,101.53809
2062.03,2019,91.26944
2063.01,2019,90.88986
2063.02,2019,178.6502
2064,2019,30.38173
2065,2019,151.92821
2066.01,2019,72.32242
2066.02,2019,71.68521
2067,2019,64.05797
2068,2019,34.41579
2069.01,2019,57.47054
2069.02,2019,52.72857
2070,2019,58.7729
2071,2019,33.6524
2072,2019,77.79341
2073.01,2019,65.51829
2073.02,2019,92.33101
2073.03,2019,48.95808
2074.01,2019,85.85115
2074.02,2019,121.4804
2075.01,2019,91.65137
2075.02,2019,99.21599
2076.01,2019,90.93487
2076.02,2019,92.3526
2076.03,2019,91.66667
2077,2019,75.0336
2078,2019,41.79738
2079.01,2019,54.90905
2079.02,2019,48.26746
2080.01,2019,74.77109
2080.02,2019,91.06616
2080.03,2019,88.66667
2080.04,2019,51.26203
2081,2019,117.33987
2082,2019,65.85641
2083,2019,80.15602
2084,2019,84.27167
2085.01,2019,86.68659
2085.02,2019,88.61307
2086.01,2019,128.05808
2086.02,2019,129.66667
2086.03,2019,126.78024
2087,2019,127.89459
2088,2019,51.76361
2089.01,2019,28.26498
2089.02,2019,28.52524
2089.03,2019,81.16097
2089.04,2019,51.05724
2090,2019,21.85181
2091,2019,0.31729
2092,2019,0
2093,2019,0
2094,2019,0.11571
2095,2019,0
2096.01,2019,49.05192
2096.02,2019,48.86869
2097,2019,40.99725
2098,2019,40.90994
2099.01,2019,30.09399
2099.02,2019,30.36018
2100,2019,29.25447
2101,2019,39.57311
2102,2019,28.39441
2103,2019,4.71541
2104,2019,25.6599
2105,2019,25.69688
2106,2019,63.23332
2107,2019,46.07183
2108,2019,67.38547
2109,2019,26.16293
2110,2019,67.29711
2111.01,2019,67.03084
2111.02,2019,52.25511
2112.01,2019,51.7171
2112.02,2019,52
2112.03,2019,52
2112.04,2019,51.79535
2112.05,2019,8.51511
2112.06,2019,51.56938
2113,2019,9.77895
2114.01,2019,65.82326
2114.02,2019,10.68441
2114.03,2019,21.31502
2115.01,2019,119.94388
2115.02,2019,30.88942
2116.01,2019,71.2561
2116.02,2019,69.07704
2117.01,2019,67.33333
2117.02,2019,47.34151
2118,2019,99.34619
2119,2019,95.83395
2120,2019,100.14729
2121,2019,92.38232
2122,2019,158.1745
2123,2019,34.12288
2124,2019,32.161
2125,2019,89.72258
2126,2019,25.21725
2127,2019,28.40272
2128,2019,40.14657
2129,2019,39.11052
2130,2019,29.55926
2131,2019,1.70387
2132,2019,8.9503
2133,2019,22.306
2134,2019,41.69765
2135,2019,27.66693
2136,2019,49.51707
2137,2019,39.88589
2138,2019,62.83172
2139,2019,18.33963
2140,2019,52.61592
2141,2019,27.20899
2142,2019,51.72938
2143,2019,27.19894
2144,2019,87.83137
2145,2019,61.50497
2146,2019,85.67761
2147,2019,21.87228
2148,2019,37.75138
2149,2019,1.04988
2150,2019,35.77793
2151,2019,13.19288
2152,2019,0.0035
2153,2019,0.00001
2154,2019,0.00046
2155,2019,1.40707
2156,2019,0.00002
2157,2019,0
2158,2019,0
2159,2019,0
1611,2045,0.81357
1612,2045,0.01461
1613,2045,8.58204
1614,2045,17.7391
1615,2045,0
1616,2045,0.0047
1617,2045,1.96747
1618,2045,3.0468
1619,2045,3.33278
1620,2045,3.33243
1621,2045,0.00175
1622,2045,2.89173
1623,2045,12.58609
1624,2045,4.3771
1625,2045,4.33678
1626,2045,0.08518
1627,2045,18.88204
1628.01,2045,45.97968
1628.02,2045,46.33378
1628.03,2045,46.30998
1629,2045,15.7897
1630.01,2045,14.35894
1630.02,2045,52.4478
1631,2045,56.03521
1632.01,2045,46.93327
1632.02,2045,37.51382
1632.03,2045,22.73625
1632.04,2045,16.09216
1633,2045,30.17843
1634,2045,16.33138
1635,2045,6.44998
1636,2045,7.24461
1637,2045,32.62408
1638.01,2045,26.27275
1638.02,2045,19.92757
1639.01,2045,13.62316
1639.02,2045,11.0695
1640,2045,20.5971
1641,2045,20.08962
1642,2045,25.90884
1643,2045,10.21552
1644,2045,31.89499
1645,2045,24.78619
1646,2045,17.38903
1647.01,2045,21.36108
1647.02,2045,33.17996
1648,2045,8.94946
1649,2045,11.67023
1650,2045,14.64876
1651,2045,21.64628
1652.01,2045,8.73209
1652.02,2045,14.47954
1653,2045,1.38089
1654.01,2045,21.62816
1654.02,2045,21.5161
1655,2045,15.60612
1656,2045,15.59591
1657,2045,18.33393
1658,2045,10.01365
1659,2045,28.97348
1660,2045,13.246
1661,2045,20.08609
1662.01,2045,15.15728
1662.02,2045,14.88025
1662.03,2045,13.37869
1663,2045,16.94686
1664,2045,78.87973
1665.01,2045,43.73344
1665.02,2045,11.3467
1666,2045,87.8622
1667,2045,26.35717
1668,2045,76.00872
1669,2045,63.35957
1670,2045,1.888
1671,2045,13.08918
1672.01,2045,28.17473
1672.02,2045,28.34496
1673.01,2045,32.71957
1673.02,2045,61.19613
1673.03,2045,62.01249
1674,2045,25.42423
1675.01,2045,60.38102
1675.02,2045,58.46624
1676.01,2045,58.96131
1676.02,2045,58.90311
1676.03,2045,62.20918
1677,2045,24.63321
1678,2045,16.34874
1679,2045,16.45123
1680,2045,24.45356
1681,2045,50.4669
1682.01,2045,19.22019
1682.02,2045,49.39458
1683,2045,16.33357
1684,2045,15.5763
1685,2045,0.6282
1686,2045,0.08307
1687,2045,0.00333
1688.01,2045,13.2464
1688.02,2045,50.29754
1688.03,2045,50.32651
1689.01,2045,16.44846
1689.02,2045,50.27443
1689.03,2045,50.33272
1690.01,2045,50.30844
1690.02,2045,49.9564
1691,2045,37.62463
1692,2045,24.59422
1693,2045,24.5833
1694,2045,21.99547
1695,2045,21.77592
1696,2045,18.57698
1697,2045,18.79164
1698,2045,9.29997
1699,2045,10.46878
1700,2045,0.06519
1701,2045,0.00003
1702,2045,0
1703,2045,18.387
1704.01,2045,67.20629
1704.02,2045,71.84742
1704.03,2045,63.84486
1705,2045,5.37238
1706,2045,34.57894
1707,2045,16.05877
1708,2045,15.49022
1709,2045,3.00204
1710,2045,2.99706
1711,2045,0.00767
1712,2045,0.00043
1713,2045,0.00005
1714,2045,0.00256
1715,2045,7.60983
1716,2045,1.76415
1717,2045,22.05727
1718,2045,1.48752
1719,2045,6.00116
1720,2045,10.46471
1721,2045,10.14112
1722,2045,12.10014
1723,2045,78.20638
1724,2045,66.12459
1725.01,2045,79.51321
1725.02,2045,78.66667
1726.01,2045,77.0997
1726.02,2045,76.01342
1727,2045,135.66667
1728.01,2045,137.33333
1728.02,2045,137.00889
1729.01,2045,139.6504
1729.02,2045,151.66667
1730.01,2045,107.06965
1730.02,2045,156.78355
1731.01,2045,152.39119
1731.02,2045,152.86571
1731.03,2045,151.56625
1732,2045,80.78742
1733,2045,53.85842
1734,2045,22.84105
1735,2045,23.31426
1736,2045,43.19917
1737,2045,49.1203
1738,2045,25.06181
1739.01,2045,152.67631
1739.02,2045,137.19049
1739.03,2045,141.03654
1740,2045,197.13381
1741.01,2045,152.67281
1741.02,2045,151.61153
1741.03,2045,150.63247
1742.01,2045,149.36098
1742.02,2045,161.35299
1743,2045,133.29137
1744.01,2045,179.80466
1744.02,2045,158.30346
1745,2045,155.53376
1746,2045,62.05898
1747,2045,91.63659
1748,2045,24.76696
1749,2045,62.37227
1750.01,2045,97.96286
1750.02,2045,104.85287
1750.03,2045,111.50294
1751,2045,55.08732
1752.01,2045,47.70936
1752.02,2045,17.88219
1753.01,2045,70.33333
1753.02,2045,76.33333
1753.03,2045,70.16761
1754.01,2045,16.52742
1754.02,2045,23.68606
1754.03,2045,23.65176
1755,2045,18.74368
1756,2045,62.32609
1757,2045,33.98592
1758,2045,22.71677
1759,2045,17.52588
1760,2045,7.38588
1761,2045,112.12853
1762,2045,26.23339
1763,2045,18.73972
1764,2045,1.34983
1765,2045,0.0114
1766,2045,20.98095
1767,2045,78.72344
1768,2045,116.56861
1769,2045,93.95965
1770.01,2045,56.05118
1770.02,2045,55.66667
1771,2045,41.89437
1772,2045,45.95711
1773,2045,55.66667
1774,2045,55.29381
1775,2045,0.22982
1776,2045,2.17596
1777,2045,0.02916
1778,2045,5.38205
1779,2045,60.54959
1780,2045,11.37185
1781,2045,0.27962
1782,2045,0.15151
1783,2045,0.0329
1784,2045,58.73941
1785,2045,27.91899
1786,2045,24.30324
1787,2045,24.3457
1788,2045,88.28472
1789,2045,52.74028
1790,2045,34.6632
1791,2045,22.66834
1792,2045,25.52595
1793.01,2045,21.69124
1793.02,2045,21.65982
1794,2045,14.39807
1795,2045,32.79306
1796.01,2045,29.01371
1796.02,2045,17.8933
1796.03,2045,19.99088
1797.01,2045,31.33333
1797.02,2045,31.33723
1797.03,2045,29.46804
1798.01,2045,26.61804
1798.02,2045,26.70661
1798.03,2045,26.66312
1798.04,2045,26.64758
1799,2045,13.49696
1800.01,2045,28.70699
1800.02,2045,11.99767
1800.03,2045,29.98934
1800.04,2045,35.35692
1800.05,2045,34.9756
1800.06,2045,30.22121
1801,2045,25.63859
1802,2045,26.9576
1803,2045,81.33635
1804,2045,88.37327
1805,2045,52.97067
1806,2045,89.27189
1807,2045,23.41734
1808,2045,35.36076
1809,2045,73.89905
1810,2045,71.71905
1811,2045,43.0191
1812,2045,57.50259
1813,2045,57.75986
1814.01,2045,115.17829
1814.02,2045,86.1961
1815,2045,23.10579
1816,2045,84.68161
1817.01,2045,120.66667
1817.02,2045,118.44166
1817.03,2045,124.66667
1818,2045,97.67064
1819,2045,54.70313
1820,2045,76.40767
1821,2045,44.71988
1822,2045,208.76084
1823,2045,45.97318
1824,2045,168.85705
1825,2045,124.16656
1826,2045,3.97099
1827,2045,4.2168
1828,2045,0.47615
1829,2045,0.00871
1830,2045,6.58756
1831,2045,28.222
1832.01,2045,105.83208
1832.02,2045,100.76702
1832.03,2045,30.5503
1833.01,2045,140
1833.02,2045,115.04234
1833.03,2045,114.49906
1834,2045,113.81994
1835,2045,119.99919
1836,2045,81.56897
1837,2045,116.99991
1838.01,2045,118.20113
1838.02,2045,117.50252
1839,2045,238.26639
1840,2045,118.39681
1841.01,2045,241.97465
1841.02,2045,239.61378
1841.03,2045,242.229
1841.04,2045,211.84594
1842.01,2045,244.33333
1842.02,2045,244.33333
1843.01,2045,244.22776
1843.02,2045,262.33333
1844,2045,260.33333
1845.01,2045,241.8705
1845.02,2045,239.3803
1845.03,2045,242.33333
1846.01,2045,238.97754
1846.02,2045,242.33333
1847.01,2045,142.28207
1847.02,2045,142.11595
1848.01,2045,84.92308
1848.02,2045,108.01562
1849.01,2045,125.00077
1849.02,2045,136.45349
1850,2045,99.01433
1851.01,2045,152.18583
1851.02,2045,234.83323
1852.01,2045,159.7784
1852.02,2045,163.19777
1853.01,2045,184.42861
1853.02,2045,186.42685
1854.01,2045,175.48989
1854.02,2045,182.21517
1855,2045,248.3317
1856,2045,159.44408
1857,2045,119.8981
1858,2045,146.90713
1859,2045,58.65378
1860,2045,66.35341
1861,2045,81.31462
1862,2045,53.2364
1863,2045,60.34134
1864,2045,90.67054
1865.01,2045,76.31782
1865.02,2045,82.42124
1865.03,2045,80.66667
1865.04,2045,80.66667
1866.01,2045,49.78236
1866.02,2045,32.79231
1866.03,2045,49.07371
1867.01,2045,67.95553
1867.02,2045,55.88751
1868.01,2045,117.00708
1868.02,2045,122.70511
1868.03,2045,127.77581
1869.01,2045,125.70915
1869.02,2045,117.28728
1870,2045,112.2773
1871,2045,55.5673
1872,2045,42.43638
1873,2045,93.44358
1874,2045,126.81072
1875,2045,53.4761
1876,2045,72.02725
1877,2045,86.5851
1878,2045,72.56937
1879,2045,44.55498
1880,2045,59.12023
1881,2045,37.05361
1882,2045,11.16295
1883,2045,0.01897
1884,2045,0.01109
1885,2045,0.07026
1886,2045,0.28408
1887,2045,27.53532
1888,2045,113.60353
1889,2045,112.81368
1890,2045,10.89935
1891,2045,5.22357
1892,2045,4.11492
1893,2045,11.71612
1894,2045,10.58785
1895,2045,10.63706
1896,2045,0.00807
1897,2045,0.00668
1898,2045,0
1899,2045,0.00293
1900,2045,18.70136
1901.01,2045,305.99867
1901.02,2045,305.99867
1901.03,2045,305.99867
1902,2045,214.24886
1903,2045,120.53826
1904,2045,305.995
1905,2045,166.26012
1906.01,2045,110.28414
1906.02,2045,106.97825
1907,2045,150.44425
1908,2045,162.64202
1909,2045,136.39638
1910,2045,282.33333
1911,2045,305.99867
1912,2045,299.38452
1913,2045,85.84275
1914,2045,99.59542
1915,2045,6.12994
1916,2045,45.15652
1917,2045,59.76137
1918,2045,29.09461
1919,2045,43.2593
1920,2045,113.76846
1921,2045,92.91752
1922,2045,21.04758
1923,2045,106.76279
1924,2045,88.38494
1925,2045,123.28993
1926,2045,122.86682
1927,2045,45.38189
1928,2045,32.50676
1929,2045,43.85984
1930,2045,42.91772
1931,2045,27.43435
1932,2045,41.92275
1933,2045,35.04245
1934,2045,41.87538
1935,2045,133.34098
1936,2045,80.75303
1937,2045,128.84782
1938,2045,105.53827
1939,2045,133.23832
1940,2045,101.20059
1941,2045,84.32255
1942,2045,87.18057
1943.01,2045,89.9964
1943.02,2045,90
1943.03,2045,85.85808
1944.01,2045,137.48107
1944.02,2045,138.9878
1944.03,2045,126.73217
1944.04,2045,78.78458
1944.05,2045,79.6135
1944.06,2045,139
1945.01,2045,159.28658
1945.02,2045,161.80098
1945.03,2045,134.14981
1946,2045,120.22273
1947,2045,76.72027
1948,2045,61.90468
1949,2045,0.97601
1950,2045,71.09949
1951,2045,38.72445
1952,2045,227.20814
1953,2045,28.48109
1954,2045,25.52608
1955,2045,117.4846
1956,2045,114.72723
1957,2045,136.55248
1958,2045,104.58911
1959,2045,170.95538
1960,2045,70.40169
1961,2045,97.60436
1962,2045,141.30196
1963,2045,33.49682
1964,2045,31.66538
1965,2045,49.59763
1966.01,2045,41.37974
1966.02,2045,42.51418
1967,2045,42.70884
1968.01,2045,72.27889
1968.02,2045,64.22972
1969.01,2045,170.68687
1969.02,2045,168.86899
1970,2045,43.62307
1971,2045,170.69405
1972.01,2045,78.55598
1972.02,2045,77.73845
1972.03,2045,71.51681
1972.04,2045,73.36104
1973.01,2045,155.67061
1973.02,2045,160.52591
1973.03,2045,156.07448
1973.04,2045,156.20795
1974,2045,85.85346
1975,2045,67.30853
1976,2045,18.80942
1977,2045,44.74778
1978,2045,40.96015
1979,2045,65.04465
1980,2045,40.40757
1981,2045,149.93763
1982,2045,95.45124
1983,2045,64.12862
1984,2045,75.933
1985,2045,55.78491
1986,2045,55.66631
1987,2045,53.72763
1988,2045,26.08367
1989.01,2045,51.43661
1989.02,2045,94.55316
1989.03,2045,94.72011
1990,2045,92.54289
1991,2045,129.23978
1992,2045,123.3993
1993,2045,177.66305
1994,2045,226.76658
1995,2045,163.04543
1996,2045,177.17586
1997,2045,88.5039
1998,2045,113.30072
1999,2045,167.92863
2000,2045,92.34168
2001,2045,152.2212
2002,2045,68.95721
2003,2045,62.23073
2004,2045,86.90754
2005,2045,149.90884
2006.01,2045,58
2006.02,2045,58
2007,2045,76.70825
2008,2045,48.31604
2009,2045,143.30403
2010,2045,160.6171
2011,2045,83.80062
2012.01,2045,69.45639
2012.02,2045,77.87936
2013.01,2045,147.82227
2013.02,2045,146.57421
2014,2045,99.40177
2015,2045,103.3432
2016,2045,103.33333
2017,2045,103.41853
2018.01,2045,84.66667
2018.02,2045,84.66787
2018.03,2045,84.39391
2019,2045,126.30212
2020,2045,89.27793
2021,2045,87.68725
2022,2045,85.69186
2023,2045,60.72845
2024,2045,163.68955
2025.01,2045,166.18179
2025.02,2045,165.94608
2025.03,2045,166.33333
2026,2045,149.66667
2027,2045,147.25659
2028,2045,149.66667
2029,2045,160.21148
2030,2045,160.5739
2031,2045,146.74098
2032,2045,147.37607
2033,2045,64.67308
2034,2045,68.63564
2035,2045,92.35186
2036.01,2045,51.75264
2036.02,2045,38.71068
2036.03,2045,51.96857
2037,2045,41.77793
2038,2045,55.6509
2039,2045,62.4072
2040,2045,35.3253
2041,2045,43.52136
2042,2045,49.17199
2043,2045,38.62237
2044.01,2045,79.62212
2044.02,2045,148.59742
2045,2045,140.53125
2046,2045,119.51815
2047.01,2045,73.97248
2047.02,2045,122.14462
2048,2045,41.74246
2049,2045,80.92316
2050,2045,33.60305
2051,2045,44.45745
2052,2045,57.07038
2053,2045,137.91571
2054,2045,66.24605
2055,2045,120.03818
2056,2045,108.86031
2057,2045,29.5456
2058,2045,89.82077
2059,2045,137.90731
2060,2045,126.94053
2061.01,2045,175.78274
2061.02,2045,178.66667
2062.01,2045,151.43296
2062.02,2045,101.53809
2062.03,2045,91.26944
2063.01,2045,92.88986
2063.02,2045,178.6502
2064,2045,42.38173
2065,2045,181.92821
2066.01,2045,72.32242
2066.02,2045,71.68521
2067,2045,64.05797
2068,2045,34.41579
2069.01,2045,57.47054
2069.02,2045,52.72857
2070,2045,58.7729
2071,2045,33.6524
2072,2045,77.79341
2073.01,2045,65.51829
2073.02,2045,92.33101
2073.03,2045,48.95808
2074.01,2045,85.85115
2074.02,2045,121.4804
2075.01,2045,91.65137
2075.02,2045,99.21599
2076.01,2045,90.93487
2076.02,2045,92.3526
2076.03,2045,91.66667
2077,2045,75.0336
2078,2045,41.79738
2079.01,2045,54.90905
2079.02,2045,48.26746
2080.01,2045,74.77109
2080.02,2045,91.06616
2080.03,2045,88.66667
2080.04,2045,51.26203
2081,2045,117.33987
2082,2045,65.85641
2083,2045,80.15602
2084,2045,84.27167
2085.01,2045,86.68659
2085.02,2045,88.61307
2086.01,2045,128.05808
2086.02,2045,129.66667
2086.03,2045,126.78024
2087,2045,127.89459
2088,2045,51.76361
2089.01,2045,28.26498
2089.02,2045,28.52524
2089.03,2045,81.16097
2089.04,2045,51.05724
2090,2045,21.85181
2091,2045,0.31729
2092,2045,0
2093,2045,0
2094,2045,0.11571
2095,2045,0
2096.01,2045,49.05192
2096.02,2045,48.86869
2097,2045,40.99725
2098,2045,40.90994
2099.01,2045,30.09399
2099.02,2045,30.36018
2100,2045,29.25447
2101,2045,39.57311
2102,2045,28.39441
2103,2045,4.71541
2104,2045,25.6599
2105,2045,25.69688
2106,2045,63.23332
2107,2045,46.07183
2108,2045,67.38547
2109,2045,26.16293
2110,2045,67.29711
2111.01,2045,67.03084
2111.02,2045,52.25511
2112.01,2045,51.7171
2112.02,2045,52
2112.03,2045,52
2112.04,2045,51.79535
2112.05,2045,8.51511
2112.06,2045,51.56938
2113,2045,9.77895
2114.01,2045,65.82326
2114.02,2045,10.68441
2114.03,2045,21.31502
2115.01,2045,119.94388
2115.02,2045,30.88942
2116.01,2045,71.2561
2116.02,2045,69.07704
2117.01,2045,67.33333
2117.02,2045,47.34151
2118,2045,99.34619
2119,2045,95.83395
2120,2045,100.14729
2121,2045,92.38232
2122,2045,158.1745
2123,2045,34.12288
2124,2045,32.161
2125,2045,89.72258
2126,2045,25.21725
2127,2045,28.40272
2128,2045,40.14657
2129,2045,39.11052
2130,2045,29.55926
2131,2045,1.70387
2132,2045,8.9503
2133,2045,22.306
2134,2045,41.69765
2135,2045,27.66693
2136,2045,49.51707
2137,2045,39.88589
2138,2045,62.83172
2139,2045,18.33963
2140,2045,52.61592
2141,2045,27.20899
2142,2045,51.72938
2143,2045,27.19894
2144,2045,87.83137
2145,2045,61.50497
2146,2045,85.67761
2147,2045,21.87228
2148,2045,37.75138
2149,2045,1.04988
2150,2045,35.77793
2151,2045,13.19288
2152,2045,0.0035
2153,2045,0.00001
2154,2045,0.00046
2155,2045,1.40707
2156,2045,0.00002
2157,2045,0
2158,2045,0
2159,2045,0
