"Geo","Year","TotEmp","RetEmp","SvcEmp"
1611,2019,399.689764133216,9.00017805761845,149.995411748661
1612,2019,234.901961510409,2.79906722364843,45.2425514504247
1613,2019,62.7611474387466,3.76936402551336,34.1479798551866
1614,2019,191.129483866091,30.4711616151295,27.8204254729684
1615,2019,207.113448445913,31.4645077111656,94.3996163716924
1616,2019,45.7981737312359,5.71439463687785,21.7576384336354
1617,2019,139.457719226986,13.3174987677534,70.630615571438
1618,2019,653.46286615904,4.03649631893007,345.553329113577
1619,2019,61.5169914152173,1.71033368040782,35.0830370521753
1620,2019,33.1926390049096,0.953640045644326,19.0497936352634
1621,2019,110.435983771659,0.375986383424737,27.9591773970542
1622,2019,77.6877362862107,4.3361477909496,42.7600982532207
1623,2019,119.007047213924,1.92942140293987,112.131741969924
1624,2019,161.153393080737,6.59820501900692,119.588779609816
1625,2019,321.205671076438,13.1816769485068,238.680338956651
1626,2019,238.560381396529,1.76183285427254,62.5930876440877
1627,2019,1195.01303214181,114.112083557993,754.100515541212
1628.01,2019,213.954538972984,10.6387343780898,11.9212598982787
1628.02,2019,201.784405287137,9.98742328527721,12.1617456304917
1628.03,2019,398.060785678527,19.8303994553532,21.6359245296773
1629,2019,30.7042936345001,0.135899244011159,11.0958495615457
1630.01,2019,262.547336675965,0.90187342961952,205.783725061678
1630.02,2019,1072.23318459618,23.8724930417,617.592451594412
1631,2019,988.992823010707,21.3121423777867,557.959794404694
1632.01,2019,470.028601806042,0.718691921937262,351.697402308206
1632.02,2019,1160.47774506636,2.73475741434828,852.725051119493
1632.03,2019,1363.78787553079,396.189010146153,605.002092172784
1632.04,2019,1046.51830256562,368.972688037963,371.872320827203
1633,2019,5202.33818757228,0.0492731519946785,263.124044658252
1634,2019,1055.49901548066,371.484697739685,375.226809548359
1635,2019,1168.99302816331,105.090111275064,555.023667145417
1636,2019,687.158321075259,22.9279723199796,454.469231527913
1637,2019,7140.46680310283,836.368692824764,2128.25296578645
1638.01,2019,1267.38110484349,152.788031056917,280.36880958751
1638.02,2019,2263.79878139625,231.68403804349,846.895621446125
1639.01,2019,679.270732438058,0.972222748524649,374.010793292947
1639.02,2019,931.819287544075,0.962295488045716,513.414997223435
1640,2019,1378.67037998591,24.4891863987868,1038.89987821459
1641,2019,1425.22952987926,25.6261635485354,1073.45233973967
1642,2019,4455.9563487212,1157.3394812963,2218.62306365465
1643,2019,320.760934634745,16.1986919557305,163.541578231466
1644,2019,893.204477565581,5.54293537903507,809.930045873568
1645,2019,2615.45804953639,486.200271731501,1566.42575730094
1646,2019,2913.01682483373,105.100419930785,2391.3052869893
1647.01,2019,967.976019834052,118.548676912643,416.330274691561
1647.02,2019,210.786125773807,41.0528129918572,75.6379835937347
1648,2019,856.210722860031,70.1847791246877,571.514693949256
1649,2019,1393.00548777181,212.025995109505,200.439681270819
1650,2019,5457.67841015333,359.324896525836,4019.59680463455
1651,2019,141.577174416805,3.49492852645443,57.1691251182896
1652.01,2019,651.947940895324,452.654995606547,166.742323233438
1652.02,2019,1319.31002339911,720.208503984508,275.257748037595
1653,2019,240.505980293514,93.1888683474943,70.6507800558423
1654.01,2019,137.889062539332,3.2897929612531,52.5951199055208
1654.02,2019,120.902050832899,2.97620576857461,45.8694217962091
1655,2019,392.312613046717,57.5439398067273,221.705614358248
1656,2019,1039.25620147402,218.134037167994,428.43197541751
1657,2019,1028.84842982997,60.1470454670811,480.05737592534
1658,2019,120.199047179844,27.1099771551827,61.2611059449014
1659,2019,194.616710008754,0.254904893749425,127.346482628447
1660,2019,379.993161902965,228.882114177737,85.8873782886812
1661,2019,198.774970824989,9.69327788067182,167.730499046795
1662.01,2019,782.192242705615,417.983972791746,98.5662520695382
1662.02,2019,1308.66402822552,64.3396905048991,329.225273386829
1662.03,2019,33.6833688940865,0.545801306237391,30.4508494519789
1663,2019,816.098393376952,117.681127163233,238.45684342106
1664,2019,59.5070541646103,1.40788292407943,40.1272719358894
1665.01,2019,3809.15866755942,1657.26708439129,1242.98248439244
1665.02,2019,370.203305366298,33.6635413483159,281.524050585778
1666,2019,214.757212534148,9.84788099660437,53.4334327580119
1667,2019,2335.42031873916,14.0813251757154,2113.7335315146
1668,2019,144.066977107732,0.00781878946327264,104.385381375129
1669,2019,70.7395007088978,2.96703150741809,49.5876128081797
1670,2019,295.726739140582,0.410979794796,247.409931376044
1671,2019,109.122555067928,3.30772566656624,73.1482796200536
1672.01,2019,1088.55102212066,571.088750557191,167.265086289478
1672.02,2019,262.389143722177,134.542179134741,43.154245242384
1673.01,2019,285.436210040279,8.9735744746265,164.092682353497
1673.02,2019,798.079432277385,12.2299845687314,475.139261748486
1673.03,2019,1474.75764495025,20.2823444890234,879.832801563966
1674,2019,878.577699018199,277.272116867792,449.170819466758
1675.01,2019,2345.29351956815,32.2001133147282,1399.4834572007
1675.02,2019,1060.53537298566,14.8958661840346,632.554490954591
1676.01,2019,722.904767043027,10.1660114808307,432.806506878719
1676.02,2019,1585.50283404513,21.9032213567733,945.95059894803
1676.03,2019,892.597492968277,12.1201079666845,532.753562197034
1677,2019,455.877170986666,68.3923413210977,211.604885127217
1678,2019,1682.75187787307,195.722944775946,549.653884902404
1679,2019,1716.37215878473,199.650633644832,560.706073763044
1680,2019,326.324289257187,44.7785242837536,134.426619673903
1681,2019,3389.26650312204,56.6124981856044,2472.16953955718
1682.01,2019,721.965708069007,71.8114961463164,285.000589780609
1682.02,2019,1188.18253669171,21.3328651603429,862.481276796398
1683,2019,2240.53925418338,260.192101795474,733.477189658528
1684,2019,1689.46495439885,193.450568552961,559.894777891022
1685,2019,382.624666354796,12.4044824005398,209.769710028794
1686,2019,2363.08567044073,53.8042654049198,1357.65640443261
1687,2019,67.555734244615,0.933571280374739,28.0840711968086
1688.01,2019,582.710458969286,62.8114689461058,203.962116698591
1688.02,2019,3486.45506071061,58.3931545205265,2547.41202480231
1688.03,2019,1703.51426944856,28.5114049553659,1244.96989862794
1689.01,2019,495.059705552181,55.2890228546894,171.003866035642
1689.02,2019,1956.29695642712,32.7443546473532,1429.70085157153
1689.03,2019,1874.69241821646,31.376382141974,1370.07107702188
1690.01,2019,2011.71399841812,33.6838491466443,1469.99827804227
1690.02,2019,1600.29268207838,26.3097977641276,1171.2453410007
1691,2019,1020.44198029071,23.5101431203194,702.839607751201
1692,2019,1871.02205523138,0.88558033263544,1475.7128599861
1693,2019,1987.64472610081,1.09937198099236,1566.68680687609
1694,2019,3961.84864996982,57.8449545695615,2852.35900321077
1695,2019,545.337884964972,164.938680866968,286.751821898991
1696,2019,2163.848083199,46.8597371358327,1213.77812988842
1697,2019,1395.82592295095,228.976746724267,427.138314204238
1698,2019,132.682129622053,4.28506084183854,70.5518799991337
1699,2019,337.930831441403,9.53439512144605,160.023570161395
1700,2019,164.406247064158,0.208263343011934,85.7953096798515
1701,2019,103.600072989127,0.308004171208263,23.8908032075376
1702,2019,50.1791896000704,0,10.7526834857294
1703,2019,950.266281670117,15.494514969016,616.11106037511
1704.01,2019,729.558329885116,5.44186880630948,499.20115821577
1704.02,2019,580.310659347417,4.37152459608835,396.903999976047
1704.03,2019,375.79047737621,2.76657736169141,255.901943466487
1705,2019,160.514448413798,2.45265664655232,118.318196467984
1706,2019,1509.34164534108,250.215877227029,631.458155249308
1707,2019,171.01471912254,7.77170401891765,83.1772631589329
1708,2019,105.623396399726,8.49601426351692,52.7192554151469
1709,2019,106.430329932238,2.51820303184754,46.7086633196753
1710,2019,105.082446027323,2.47618403663112,46.1097263269919
1711,2019,51.1578509982267,0.00451954174933655,30.6305263647498
1712,2019,208.117019916629,23.9548215217682,80.2545650124965
1713,2019,163.402617311586,0.981713101542256,74.1741085397982
1714,2019,185.001445476794,1.11740765763867,84.1050857227287
1715,2019,201.686874527773,31.2981972605845,91.530669874523
1716,2019,40.1404538701793,5.72468847934605,30.011067378226
1717,2019,188.68487753754,13.9725580554476,105.015881314107
1718,2019,127.346308872506,18.3370942799593,95.6054443997377
1719,2019,877.481596386958,91.8060272017925,441.83131314855
1720,2019,29.0087127625775,0.0765499375004472,16.9910718865167
1721,2019,44.19343385808,0.00783300595924475,28.6360264461004
1722,2019,84.5151574873362,0.766585069251294,59.7278338667024
1723,2019,2512.17049538437,2.41539600738955,853.278131847082
1724,2019,3131.90471163526,2.57395568135549,1262.29802015139
1725.01,2019,265.677057037587,0.354511400387064,89.9190004977985
1725.02,2019,425.566923993302,0.334881117401087,141.989593778061
1726.01,2019,346.222220642429,0.928148624316712,132.884289993316
1726.02,2019,294.950246995873,0.856836005642773,120.253818427374
1727,2019,817.584539606844,7.94784460719208,527.625711129424
1728.01,2019,1676.01453315991,50.2539777152903,988.619883115897
1728.02,2019,1824.76667732189,53.4085997194259,1080.01857740392
1729.01,2019,564.788039000508,5.48970252076276,364.460419895385
1729.02,2019,448.547464528988,4.3598517969045,289.449821838558
1730.01,2019,1312.22898564799,36.6840517316028,839.726793546462
1730.02,2019,2012.58504542916,58.8732930227492,1192.0908205352
1731.01,2019,1213.09764847059,238.450759731337,902.480647720266
1731.02,2019,1204.13208801322,237.488730080082,895.657369478846
1731.03,2019,587.174975661072,115.680313792194,436.741607643732
1732,2019,5747.45047869106,144.949981944215,2985.04701754172
1733,2019,203.189436740407,12.3783935825318,161.001354964339
1734,2019,958.151492351996,559.773730026636,184.026721356151
1735,2019,135.3066014864,25.6523365364086,67.332602813749
1736,2019,785.570184855614,149.881994926887,237.486984043236
1737,2019,3164.147685805,173.921692989967,789.682744829353
1738,2019,1801.24878948187,47.5145135362746,1006.35142440095
1739.01,2019,1312.86916429692,87.8885233958748,763.652750081638
1739.02,2019,6483.0737992678,201.016217418487,4417.90761467707
1739.03,2019,5560.98244344155,176.674559580343,3753.38641540564
1740,2019,4935.70007354595,35.3533975697576,2786.41402108867
1741.01,2019,1474.0031946981,92.5162093856312,833.536407488349
1741.02,2019,675.155727302001,43.299223780683,382.797958643447
1741.03,2019,1193.23617864747,75.9620791506699,672.295393371885
1742.01,2019,2050.80221923009,38.2917776789354,474.133050654004
1742.02,2019,1428.16284005804,26.8380051764192,321.973594429728
1743,2019,3286.15607199825,61.7697115733819,740.533055777024
1744.01,2019,347.687487380807,2.6004530232922,30.4028846716757
1744.02,2019,96.9457578837458,0.637276962259627,7.40834468626817
1745,2019,752.864337545078,5.05060840666648,60.8592820995342
1746,2019,2223.48109390231,94.0045443766761,984.276850631282
1747,2019,3053.94424775355,127.472279330043,1388.67262401987
1748,2019,429.580686525669,29.7325089789161,108.382197236814
1749,2019,876.607544469262,6.43131368774692,600.255944189713
1750.01,2019,3958.91571896169,181.794753459842,2495.25542564992
1750.02,2019,781.402097344178,35.6484579164628,488.59694758164
1750.03,2019,1537.61126620002,70.5318028118777,967.279424714534
1751,2019,109.080208181468,3.47680287694326,62.9375321567605
1752.01,2019,206.901737379053,74.0048436781639,66.5636902916828
1752.02,2019,185.005270363625,2.1492184299967,159.347493884286
1753.01,2019,392.268383439713,2.87791388472888,268.605295908029
1753.02,2019,855.305016654221,6.27502568910389,585.669064316363
1753.03,2019,559.646040900353,4.06077577100182,377.858956948541
1754.01,2019,1395.90020745783,0.943474817562685,314.922145743719
1754.02,2019,146.838551635915,31.956077690896,74.7042563903306
1754.03,2019,97.8913497109821,20.1118533259741,56.4768605812132
1755,2019,1316.21428623925,20.9261799544593,836.233897251748
1756,2019,1961.86229652429,26.6791752599002,1170.99827036255
1757,2019,112.738903123176,2.04963468929002,93.7500843117338
1758,2019,283.39626220372,53.9071595075492,189.096579486371
1759,2019,425.526684006994,101.414376766113,121.000098738833
1760,2019,167.935469758597,2.17639786328677,134.167357844465
1761,2019,2210.56288738282,34.3983418187522,756.293771773335
1762,2019,248.636435619106,34.3685353484223,137.782346921058
1763,2019,88.0304350555168,4.03047768603479,62.4208342743623
1764,2019,158.471667210901,0.0635604341675167,122.352732253137
1765,2019,66.934759658333,0,33.0572176078189
1766,2019,92.3680822893238,6.91970218212476e-05,47.7844977613689
1767,2019,329.139365613178,61.7966075132532,158.820706142395
1768,2019,337.780669791433,1.15811174854717,215.711438647549
1769,2019,4068.5020340921,38.4515569438391,2649.19939613289
1770.01,2019,424.596964219743,4.93661347934501,302.590140723293
1770.02,2019,211.658101577071,2.46653943433658,151.039267714376
1771,2019,46.3770723955101,0.000913870443372592,27.881758900329
1772,2019,2560.56904722797,38.9969311306001,1823.59319322738
1773,2019,641.364432076907,7.47408510097849,457.677799418742
1774,2019,3265.83038266409,38.0547777892959,2330.46702639626
1775,2019,80.2292576513926,1.38593710949126,63.3876157462129
1776,2019,12.5737229541179,0.0623489528445949,9.76754598779659
1777,2019,33.6202880563769,0.00325525251081762,19.9416527637872
1778,2019,131.931478646653,0.895582124387841,118.770590083293
1779,2019,929.918759322571,228.832523041351,445.474446691222
1780,2019,279.637193740011,7.30366320770323,142.356357632903
1781,2019,30.3332131839785,0,22.4585076739893
1782,2019,67.3694038601076,0.0237598603296141,49.9574148581683
1783,2019,63.1116681959439,0,40.1558948103287
1784,2019,1290.3088304987,22.8799044523047,973.543630086438
1785,2019,708.844259180014,57.0339639025374,532.240654589838
1786,2019,1256.75555500549,0.053035749324145,1122.37235849524
1787,2019,1063.85552607809,0.0726799064499464,948.037152641029
1788,2019,542.075370940934,4.15060226049353,414.349272821676
1789,2019,188.321763198199,17.7849937455312,139.8565991908
1790,2019,1312.75526920007,23.016682122392,436.889068566114
1791,2019,1524.40437195385,76.6819730518803,795.430994466561
1792,2019,889.695197911891,147.919930099396,512.242377180908
1793.01,2019,756.275720963098,16.5240067914797,383.656176269917
1793.02,2019,247.933465676782,5.3944463535741,125.764671479328
1794,2019,14.0545845682888,0.111351501317191,3.34400068785431
1795,2019,1097.81313498409,9.42748582667763,666.040068832939
1796.01,2019,1140.15978148381,101.783957932209,852.857883371017
1796.02,2019,1100.11491312778,337.081095639107,448.275466699353
1796.03,2019,404.611568800467,58.1612638413778,255.415034720536
1797.01,2019,482.416837958761,48.6044032229127,303.958879856723
1797.02,2019,591.841555228887,59.2272075440733,371.097264266206
1797.03,2019,237.481498226713,24.676174183001,149.591456665703
1798.01,2019,1278.38064805205,145.37708218984,724.014762358614
1798.02,2019,1074.28110935542,97.3417846186116,650.533086585887
1798.03,2019,597.353460149758,163.184389113609,213.684757913147
1798.04,2019,488.066420076548,135.216416252488,178.849933736907
1799,2019,750.254404198222,13.5117411721844,505.645364030492
1800.01,2019,982.466064315421,325.925286158103,381.112611778899
1800.02,2019,241.062298712209,48.1031595865397,101.72057926288
1800.03,2019,916.845902171472,240.760979953487,256.787535449089
1800.04,2019,237.310795554547,64.3206703606422,65.8201177060424
1800.05,2019,999.932345531115,273.342122938231,285.901854007453
1800.06,2019,461.82425847391,148.220064097094,170.783128667831
1801,2019,355.519889337185,60.9089847805345,203.859020492248
1802,2019,461.913283576257,47.4049197598985,157.421027136386
1803,2019,679.076756068966,1.14393393945131,605.47570430172
1804,2019,1098.90146813972,0.00737689227113954,990.141929810235
1805,2019,262.003159454788,28.5299409967967,184.567346685508
1806,2019,13.7492030628413,0.00307680140489267,10.8961647325294
1807,2019,83.1939183987641,0.327392949515862,62.8563656532379
1808,2019,105.662375967013,9.74827964918005,75.1077083307247
1809,2019,519.778416604046,0.00301578682706326,474.601873274978
1810,2019,2073.43916588582,642.220139149108,867.376505400972
1811,2019,680.785407898732,56.168503664345,345.107204726009
1812,2019,626.834808845784,259.06384068717,176.982610462138
1813,2019,194.581387613201,81.1167033550632,54.598364882041
1814.01,2019,1231.66851297257,121.949796764337,655.729765578455
1814.02,2019,840.364931189841,82.7238521282764,453.387396631535
1815,2019,334.693803285703,4.87473391777975,231.226712223243
1816,2019,481.048775100896,25.6116986254391,293.710125671921
1817.01,2019,2358.46566012405,233.605078007535,1255.58351522791
1817.02,2019,645.429015524892,63.8877342602054,343.774431658949
1817.03,2019,1522.44776838462,150.797841032454,810.510135084477
1818,2019,170.024482453855,3.6124086866007,110.417173781517
1819,2019,159.524854579567,8.22860179115928,122.726083338485
1820,2019,256.758790578822,19.7176288296883,203.449379813788
1821,2019,5251.89372772594,507.962427260098,820.909212596869
1822,2019,1156.11658081961,129.149325891503,541.887251627286
1823,2019,1508.43389314718,271.371860833581,733.660925101459
1824,2019,1434.65536116607,191.336597628713,706.893389088698
1825,2019,562.815276521246,58.5221222261278,257.626574943446
1826,2019,104.732800314002,3.31887448083201,31.4002456191568
1827,2019,86.918632632079,6.14115412935656,49.7535232078073
1828,2019,184.701398836448,1.3804711449371,120.566814745073
1829,2019,30.6655985080309,0.18034253412747,19.2981356894881
1830,2019,158.285908770952,21.393635557693,77.9764974722768
1831,2019,716.257119503571,88.7910985067757,331.290006290601
1832.01,2019,1447.82764523684,275.490415911883,676.817670525095
1832.02,2019,2150.3918217941,408.37936346842,1007.57634687105
1832.03,2019,59.255300665586,9.13245583580269,28.1532069969333
1833.01,2019,99.3564719468873,14.1615231119102,58.54934954013
1833.02,2019,230.354104805388,17.8588819968755,116.421978927383
1833.03,2019,94.6849955649997,9.22580064476942,50.5069290550984
1834,2019,959.249726563636,136.719470730996,565.285793181405
1835,2019,263.320793773217,37.4848722807829,155.043671529062
1836,2019,321.788493456024,17.2049906131005,139.813901923537
1837,2019,2156.31191237252,124.82095091562,769.581012512247
1838.01,2019,1256.46563376888,73.0575403061247,465.341837707751
1838.02,2019,482.162962452736,28.0692497389621,172.786414503837
1839,2019,2375.05447975112,281.242775546348,1485.33259885373
1840,2019,1717.11705631561,100.316636076896,616.911821515385
1841.01,2019,1308.99967457596,154.712904836069,817.335565128635
1841.02,2019,1367.1031896955,159.329235499052,843.630264658794
1841.03,2019,2953.06349458866,352.917672043758,1861.13951596883
1841.04,2019,1291.40409381358,152.380549827711,805.228008439106
1842.01,2019,5109.01300667422,610.954300232222,3221.59684635405
1842.02,2019,1809.65702510317,216.405348741115,1141.11773789551
1843.01,2019,2940.31192214197,351.593505943168,1853.98905324592
1843.02,2019,7348.74367142411,878.446406281063,4634.10311882529
1844,2019,2972.55611329391,355.469038290961,1874.40849880161
1845.01,2019,1543.15471896477,182.597815662729,968.384695945509
1845.02,2019,2583.67236360956,305.220546174088,1620.14010228893
1845.03,2019,1832.46115308914,219.132349051719,1155.49736595821
1846.01,2019,3708.5311975595,438.064808325825,2325.38470197508
1846.02,2019,2406.49505052249,287.777403910224,1517.46665263956
1847.01,2019,3472.95178872807,209.88116762318,1693.34179303487
1847.02,2019,2917.28350612946,176.211872423132,1422.16726365247
1848.01,2019,732.698387088018,135.72002377721,355.424215809544
1848.02,2019,1469.62566782751,247.716125195565,691.500215627229
1849.01,2019,972.8422531397,184.863101429837,455.770890809064
1849.02,2019,1743.99874536508,286.570761565958,916.605573197748
1850,2019,217.369894423561,35.9505126770553,119.475939149708
1851.01,2019,4571.4917401347,173.254875060194,3050.85386362436
1851.02,2019,4778.28823588195,151.433408870211,3102.67993097127
1852.01,2019,339.036659068724,13.4413347604577,229.134981390229
1852.02,2019,528.644063613347,19.2433560709777,355.827956209483
1853.01,2019,1039.16034832563,46.2294259593132,694.866246608323
1853.02,2019,988.184096752414,65.8594089725543,651.712389096455
1854.01,2019,352.008537417326,15.4192866629423,237.244164702933
1854.02,2019,890.452560933495,39.1084991711814,600.264219116051
1855,2019,5142.57983162438,614.958775736262,3242.76860135815
1856,2019,292.629688865607,4.24510939014378,263.23536554353
1857,2019,961.317510735106,2.7550043791314,905.058688254745
1858,2019,1759.60279979238,203.757404737605,914.234266305135
1859,2019,401.312584119496,10.248847640143,241.368932050176
1860,2019,1020.11994904921,38.5172445096952,733.048687117631
1861,2019,1488.64711231723,139.488052365494,929.906825287638
1862,2019,140.766070406036,0.362711306024192,110.915558373397
1863,2019,218.272394872167,1.17698286090921,186.156497318029
1864,2019,1830.03872891022,7.0143346939373,1669.05571884965
1865.01,2019,1164.88064085085,4.1843073922268,1032.1541756914
1865.02,2019,658.688608577112,2.21686450662362,572.249309206309
1865.03,2019,733.0213964667,2.80964424709851,668.547454796439
1865.04,2019,327.525586964885,1.25539361556038,298.717607155184
1866.01,2019,721.467717879548,0.957691899076175,546.082758396806
1866.02,2019,15.176524797237,0.00573024536413996,12.022073648147
1866.03,2019,499.549103903092,0.549729826497211,247.28695875706
1867.01,2019,2971.35445898877,84.8839822873039,1716.11082855076
1867.02,2019,757.430326253271,0,421.632288547428
1868.01,2019,1698.04193552325,98.2925812447641,606.023661554992
1868.02,2019,2319.90098758176,133.906883933343,828.05252594199
1868.03,2019,2013.1599194536,116.897411664203,720.102318734464
1869.01,2019,350.003407405612,0.288434364089195,134.10387942341
1869.02,2019,513.219276099357,15.0625962740488,192.780108994864
1870,2019,516.108948053428,0.0148167523351939,192.42109754938
1871,2019,351.462062985451,25.3058415400007,198.756934633781
1872,2019,187.539906963591,3.58871911805217,173.665853661772
1873,2019,359.974470303054,89.9758936716567,140.466933808856
1874,2019,1410.44643798871,309.168997203874,558.262928201698
1875,2019,7.09043005597377,0.212254519590473,5.97161029463331
1876,2019,1021.49104835894,146.415113784116,627.550842992182
1877,2019,144.076006260177,18.7014515013269,54.2347756262714
1878,2019,447.277958854149,64.1672064334129,273.105129692981
1879,2019,1952.03012494654,101.754770471022,1068.13992765442
1880,2019,1210.71725466453,133.516885198594,620.265249419156
1881,2019,2385.31791815769,131.52645470662,1330.77572850259
1882,2019,199.125687834466,0.242537845954845,183.144583840385
1883,2019,88.6186338982621,0.167085557003411,81.7400401575813
1884,2019,152.507282517392,8.99488590711624,120.517142653083
1885,2019,368.423846960036,10.888909826891,268.499358571383
1886,2019,57.7405445983406,2.30910161047669,37.0381143529885
1887,2019,112.846008938776,20.9739920165542,84.6873238336675
1888,2019,338.46012169416,48.2416587217115,199.456384536986
1889,2019,1304.71754860277,185.964837119361,768.688140279593
1890,2019,65.1633744680405,16.3521060405152,25.6863031593592
1891,2019,109.221795773059,4.93166952568267,35.46190866378
1892,2019,95.8390415473162,0.0219845168640415,74.3069827805886
1893,2019,41.6435291885837,10.2623782789096,16.9150866921355
1894,2019,73.5461507515062,18.7824510690298,28.7263159514146
1895,2019,212.547541393607,54.0704160305465,83.2128354370758
1896,2019,119.738450637391,5.5205332799995,51.0769592621125
1897,2019,88.3968232471095,0.053125515366954,78.8705346163608
1898,2019,77.3392573985762,3.57354669686481,32.9693735540131
1899,2019,43.5483723657272,0.0562037005256748,28.7221233773507
1900,2019,105.213750192844,0.0897392767092697,97.589057903999
1901.01,2019,631.683493812391,248.285499803151,266.097757881767
1901.02,2019,1126.11024367336,442.621736079318,474.375876375472
1901.03,2019,608.90926019473,239.334004264985,256.504072812429
1902,2019,5995.97973030378,315.123993378721,2689.67797827279
1903,2019,256.365227643138,41.0404558894837,82.5821529038098
1904,2019,328.883147189478,129.268719820349,138.542591233532
1905,2019,609.942743841914,111.749818648627,288.852703955947
1906.01,2019,187.699649991419,50.6723723271858,56.4859321269909
1906.02,2019,217.62194005883,35.1438666966017,85.8089755145895
1907,2019,313.569944272012,83.4432084986194,116.733794338769
1908,2019,1805.69402360508,380.897022602471,760.872493892755
1909,2019,105.745510381992,12.2189070837274,63.4795433606488
1910,2019,76.3889998926313,35.2268142794476,21.4290029971256
1911,2019,696.850763252743,320.408417643894,196.516712281553
1912,2019,289.462369338762,127.842875345143,92.8626206749057
1913,2019,278.534729614602,1.25500346754887,214.881358737042
1914,2019,349.082315200481,0.975612018306125,236.982204205188
1915,2019,65.4643267709083,0.221845851982382,55.8931029142142
1916,2019,192.744007228237,6.675435018253,155.981785075514
1917,2019,222.25775481546,72.7139148629028,104.732145189173
1918,2019,341.389742418195,52.6853079989912,212.433100732741
1919,2019,566.897600902162,1.50752603035316,432.860627466164
1920,2019,3646.93704133882,194.460032239869,2228.03103067191
1921,2019,14.8768223440506,0.0666008328594097,12.4602715487374
1922,2019,103.931839591568,0,95.2953691798351
1923,2019,13.722445193256,0,10.9142653274774
1924,2019,329.885159532892,26.3476077548616,212.399086541774
1925,2019,170.203794467739,56.3690752385024,76.1084439368408
1926,2019,14.5536783027183,0,12.4874819485739
1927,2019,395.846138661271,138.113392665155,168.307094338318
1928,2019,230.435039641326,13.1509937485175,145.512667932034
1929,2019,55.1896512565189,2.90143731524173,30.1889792783162
1930,2019,145.043819782172,7.13412006827306,74.161527138737
1931,2019,1077.71750562451,29.1256430042216,192.048111529685
1932,2019,25.3229637910117,0.308514301248842,20.35648033667
1933,2019,1063.13060115363,30.2265989308369,876.442142496385
1934,2019,211.085595750511,6.31813403457841,177.442365075009
1935,2019,1139.71829605048,161.174653940894,545.757340874038
1936,2019,894.384030060668,107.047006534611,411.039737593532
1937,2019,695.016199080226,69.3313451948853,409.047077630088
1938,2019,1920.03269174921,124.472545852662,1076.77445454239
1939,2019,972.805878504285,74.9351191944491,599.292154647128
1940,2019,509.83542947964,268.368440910392,56.7340525319713
1941,2019,139.716680086857,4.00670160109095,71.8539270156176
1942,2019,70.4113319423594,9.11622874501201,48.4172132682159
1943.01,2019,18.97888722082,7.57552522626246,8.52976326302456
1943.02,2019,14.3454340087079,5.71076194614168,6.46458252303238
1943.03,2019,35.0609624191977,12.5403974835123,16.0719808143428
1944.01,2019,52.9161688751491,12.4812571020906,14.4863118114972
1944.02,2019,118.259328302961,27.5625979203512,30.7447075831461
1944.03,2019,199.440547428087,80.545619394738,44.176383251529
1944.04,2019,90.1470728207443,63.3887197932611,13.6389663489599
1944.05,2019,508.203395067121,354.89272120653,79.529499985999
1944.06,2019,89.8852549116091,25.3778781369221,22.5251709687214
1945.01,2019,112.839541973842,65.1818448499148,27.9199972231818
1945.02,2019,710.421165938457,410.579356991347,175.93967573006
1945.03,2019,611.394139089948,353.012362978029,150.001896739137
1946,2019,286.31216731142,163.930565605386,70.4872112172923
1947,2019,789.239930457334,240.294027803333,371.103804187099
1948,2019,1122.86110926961,110.316440717597,811.933512248195
1949,2019,202.039729165077,0.0543488218475996,189.536847337001
1950,2019,440.502428214269,199.767784828709,139.54631367886
1951,2019,83.0285655480097,5.63936921276374,44.3104119405134
1952,2019,1593.93660520307,383.910033332992,694.133463923334
1953,2019,113.267236106125,0.0756398912708058,87.3512757152449
1954,2019,462.193254276148,7.25719441544,395.197261165078
1955,2019,144.356040697183,16.5919811836574,61.7194299438474
1956,2019,377.714111022272,39.663919129795,166.333387770632
1957,2019,1589.93784306506,75.2171474423166,1202.42960300726
1958,2019,187.204843528187,48.8684745670116,41.5806197642344
1959,2019,313.953403526236,0.581116733233589,205.858288056819
1960,2019,2999.04556935638,6.29830493127847,2347.72774012224
1961,2019,638.844367057301,220.64113401135,167.145324532005
1962,2019,303.288407294459,159.755255229873,54.6565034887813
1963,2019,417.706706648989,141.861963341883,180.322063090192
1964,2019,101.79160373928,0.129028431525888,79.756261704002
1965,2019,2499.98237880884,7.98063290529621,1932.91305424303
1966.01,2019,298.177720026486,5.43024497411168,38.1199940269967
1966.02,2019,526.221064115217,10.7688563964071,65.552401690823
1967,2019,752.398310265918,26.5675774366157,78.4091290698029
1968.01,2019,739.220234440872,13.2403382276795,522.574112380554
1968.02,2019,612.206897313487,13.3224243933593,367.345718296637
1969.01,2019,1000.25624367872,43.6665962918825,490.366294290481
1969.02,2019,1960.09468092619,85.6712734322213,960.418380494155
1970,2019,829.364738837732,6.79933545662811,209.120871703274
1971,2019,3069.60445180682,132.946445893053,1524.28038693712
1972.01,2019,208.019328779527,0.518610101531588,165.904663627339
1972.02,2019,291.749940895534,0.645506156106653,233.145902078083
1972.03,2019,24.0052726014024,0.410481127274778,18.3064745710712
1972.04,2019,1731.03145834794,4.40053282842735,1686.91145563147
1973.01,2019,887.597867709735,42.135981798034,433.777267619729
1973.02,2019,1279.72862020977,57.8808587057152,627.102993892753
1973.03,2019,809.476908595771,35.3876117491184,397.195915759097
1973.04,2019,1050.99573102765,45.9752458774961,515.60032209147
1974,2019,7318.764471942,17.5562040615025,7015.03712698866
1975,2019,1896.58028973423,29.6856416326124,1582.1668677644
1976,2019,976.860286088783,43.8776365556183,780.270538599832
1977,2019,144.923465197044,1.11098397882973,64.6521360198709
1978,2019,256.838216255308,1.29634017016546,203.350558080218
1979,2019,196.520768615738,4.00778667845368,166.134354244223
1980,2019,77.6354813488933,0.218715445996426,57.2805759186918
1981,2019,1855.72942260709,10.1268891349806,1736.67764457253
1982,2019,256.825271851645,114.306552019154,105.181786317591
1983,2019,632.602509820545,25.9361175686805,258.566696991736
1984,2019,482.410200127158,146.493148178946,123.520745103104
1985,2019,2392.45145249132,98.9833723155442,980.428329473217
1986,2019,1495.12096011854,245.348499687498,891.523992270638
1987,2019,575.770506725869,101.331691115299,96.2996781541187
1988,2019,33.1618886373345,1.04906758374752,7.81219887512923
1989.01,2019,1443.86351127155,27.3885848053524,457.110138449749
1989.02,2019,232.546964722285,4.67488575439355,13.0238372560169
1989.03,2019,141.643015833142,2.84639569204148,7.20961806379187
1990,2019,1876.70280985119,52.19176604854,1287.18054193404
1991,2019,691.145207028561,16.3001089683131,477.916842907878
1992,2019,83.9712574146395,7.50429131222499,47.7388322920203
1993,2019,15.2224967964383,0.431270295514585,12.5300007384615
1994,2019,208.813158899014,50.2947823584722,90.9347627463447
1995,2019,71.1846194568633,13.5182498545328,21.9086227498145
1996,2019,630.593342107508,8.87983689942415,544.170545318697
1997,2019,1863.40320461059,24.4415162591272,1435.96294896353
1998,2019,1356.32012563527,240.308400714906,578.654987364869
1999,2019,550.165398982134,231.993525667585,153.031915221035
2000,2019,113.032918202021,6.36397324653058,47.3672304574329
2001,2019,551.558871867641,227.954912503497,162.069431292788
2002,2019,630.63102493539,83.3098179916315,406.176537430085
2003,2019,888.005958537396,327.525032579437,329.920493253179
2004,2019,700.176219429311,10.9783119194668,528.931816157789
2005,2019,10188.5410898634,90.5374831623379,9277.61749137052
2006.01,2019,1095.31899022596,75.0530038983738,245.628012758314
2006.02,2019,129.456528453714,8.87056777195298,29.0309490718461
2007,2019,2129.67572921137,147.453572747246,622.665120240173
2008,2019,444.575168226665,50.9150950030314,231.993849552912
2009,2019,1114.59362674951,38.0962554153946,799.476105468451
2010,2019,379.554819415653,238.156648822351,47.9337094334481
2011,2019,362.012414855215,40.0145663870659,92.3421981384502
2012.01,2019,454.912909964192,82.0531637803106,260.25257006642
2012.02,2019,199.350383369018,51.4537730055154,105.375122631873
2013.01,2019,28260.1277757102,254.021680182243,25696.7737467905
2013.02,2019,4154.94673182721,41.9868673764225,3767.86755285233
2014,2019,754.711393511667,252.153835409946,142.867990594882
2015,2019,1080.14729560056,201.766188230481,570.022417061705
2016,2019,163.581389064884,30.7624521800964,85.9635338699205
2017,2019,179.794528800798,35.0969194906419,91.371803593084
2018.01,2019,107.070391987713,26.6939392242345,30.4063413680022
2018.02,2019,213.6803191489,53.2730790173097,60.6819178210415
2018.03,2019,211.71410665402,52.8261320445407,60.1833755136558
2019,2019,702.235369674828,253.935481900857,108.312919151331
2020,2019,837.18615644929,52.1990410403098,686.416594189787
2021,2019,973.486918026927,192.192423355007,423.65786014314
2022,2019,334.826214350943,80.7357934002545,103.588684237828
2023,2019,444.978787028857,8.17924058559425,381.929811962537
2024,2019,113.591792370856,1.01446902075946,87.2803754034783
2025.01,2019,127.601786162942,18.8637226372717,84.5133677674397
2025.02,2019,125.612987757663,32.588176868753,70.7792092961311
2025.03,2019,41.0139667025036,0.3703292704515,31.6631526236032
2026,2019,786.1272946504,303.873387189136,372.448458831445
2027,2019,1431.79108377712,549.559769421356,673.022350817708
2028,2019,1773.03306102554,685.553265085777,839.737417173402
2029,2019,225.290249429677,135.329610893314,37.1573185933789
2030,2019,589.590169542724,369.891483984002,74.4548624296392
2031,2019,916.638465677287,25.3547399822824,665.447980602261
2032,2019,946.770578418275,61.09440168185,651.385225185627
2033,2019,1609.11873825613,470.763594634576,388.181305389344
2034,2019,373.107401323281,40.4369157188125,206.817606652374
2035,2019,1176.16848297732,85.8797546654855,542.930408561134
2036.01,2019,263.693160289918,13.044665224314,205.022021439477
2036.02,2019,32.1657754211192,8.01359214890476,3.82566520667631
2036.03,2019,79.5100516342724,3.88786335865975,61.1129871467533
2037,2019,91.7001060019045,0.0123355818153154,69.6425035705717
2038,2019,1190.75672575833,342.971869164391,394.659639895245
2039,2019,387.387293798369,89.4903300164257,113.327925925347
2040,2019,1366.65038985607,580.476406479963,187.221419265017
2041,2019,201.9449489501,1.01593464652114,47.5507996655195
2042,2019,373.344199999562,5.67341526387463,168.250466759478
2043,2019,67.8628878118563,10.9135504554309,34.6793677942572
2044.01,2019,1154.52022451333,465.037775076193,296.102456334875
2044.02,2019,264.343555860244,128.495659964996,52.257970033967
2045,2019,445.524851434017,215.89814276526,89.6487828252166
2046,2019,69.4437800611134,20.1438146957794,22.130137244846
2047.01,2019,208.13169749295,43.497061941345,115.882462635696
2047.02,2019,29.2344648204238,8.70873013003257,13.90423166827
2048,2019,36.3063579317427,14.870299380297,12.4678286075802
2049,2019,120.201362433477,1.6052310089826,58.6653078175042
2050,2019,49.0704316345725,0,45.387424933678
2051,2019,71.5592113618611,0.470445452213272,41.6556326519383
2052,2019,759.767434423644,268.566188029466,309.810538858138
2053,2019,613.160292921807,29.5584169495487,118.632546298339
2054,2019,29.1373408604965,10.6591687580758,6.07187551369214
2055,2019,224.352794027848,10.5093938529024,45.2385100600528
2056,2019,127.785533422494,5.84581934645608,26.9228501636323
2057,2019,86.2091913458042,0.498878431631191,77.824721746408
2058,2019,139.933651731278,14.0742987724061,87.4716874115011
2059,2019,168.816562379216,33.4971252238314,52.1379931869846
2060,2019,324.415010130273,109.974080628009,139.318864009658
2061.01,2019,14.5207382969563,3.32056520387295,2.39598661249367
2061.02,2019,54.174659627545,11.424446601572,5.88398185025316
2062.01,2019,85.1497454129329,11.4225452263394,39.6163982177669
2062.02,2019,109.199547442292,23.7581040835555,43.8005993167475
2062.03,2019,575.774263728898,129.679526528972,230.092191247988
2063.01,2019,143.535447574331,15.5980576222211,78.6632811454301
2063.02,2019,8.89030781790931,1.87407475879136,0.963809875949843
2064,2019,217.642048918412,121.501933601974,59.8464728771184
2065,2019,719.091331493885,47.8027683169054,659.621717677578
2066.01,2019,14.2940911180583,0.361101062777258,9.67223159578781
2066.02,2019,774.893642179397,71.7294140741551,463.966982836425
2067,2019,840.785284974828,89.5894404408409,538.077705500076
2068,2019,234.928794596742,3.44230740173846,146.573273278025
2069.01,2019,1664.54574467601,68.2051899662536,1500.06557305891
2069.02,2019,234.678537017272,1.28402078125118,226.689159356742
2070,2019,488.920942900548,178.336262293477,218.586561711766
2071,2019,85.8748064101789,3.64858424312632,55.2149072245216
2072,2019,292.678079093677,43.2791832430861,144.56489221177
2073.01,2019,242.718017134757,38.928460625181,107.357030965681
2073.02,2019,74.3774245436505,11.9477299030884,31.3779958825939
2073.03,2019,458.936663322022,50.1318353389975,237.69362288813
2074.01,2019,65.4724074100651,14.4541176939034,27.2668988018986
2074.02,2019,76.7156672259276,16.6862373318546,37.9107822723902
2075.01,2019,152.143774135748,66.1858929335028,34.0145221911419
2075.02,2019,585.619064544998,364.310094122792,51.0922067880096
2076.01,2019,527.26937718329,236.380141364399,112.366870221244
2076.02,2019,751.686617829281,514.622484519008,36.9076371495428
2076.03,2019,83.5313604538321,36.3379816952243,18.6749627446343
2077,2019,542.524888346542,1.33639673155378,54.6006265541118
2078,2019,26.5481208996812,0.00713710796991927,24.0064741193943
2079.01,2019,82.7944537079271,22.149574644367,24.9556094285411
2079.02,2019,390.419077830538,62.2715304632057,193.916191500745
2080.01,2019,26.8014134552079,3.86662877144671,14.3057863412959
2080.02,2019,40.1236700291209,3.28201608213916,29.5572304578044
2080.03,2019,22.3084144064975,0.821888951818328,16.7900171585744
2080.04,2019,66.9266885692137,17.0365932636862,19.35702872643
2081,2019,365.965640305031,57.3159117457959,260.772039142965
2082,2019,344.075576336043,53.0475038162064,134.166128385539
2083,2019,178.941318322223,65.8820381287269,64.5118268990372
2084,2019,109.803687527037,29.9638281843739,55.3729734360215
2085.01,2019,78.7977272320999,25.7044610395959,25.966500456205
2085.02,2019,285.748063482106,75.3074662350067,99.637429390711
2086.01,2019,48.6187606146889,3.00107161722824,28.2340680076116
2086.02,2019,90.2853347114211,3.90030195026646,54.3583113505639
2086.03,2019,52.5332051560124,2.1709045769446,31.6881024048501
2087,2019,382.196815682473,17.1325884861945,229.388756432444
2088,2019,325.586481340687,10.5041023584573,219.519863758469
2089.01,2019,327.852132545356,5.8544142051368,277.723176222986
2089.02,2019,45.8054791302501,0.999598117371511,38.5759093504922
2089.03,2019,241.751201408346,2.95600239682969,208.190207181489
2089.04,2019,255.798937211356,3.77514699491516,217.275403032092
2090,2019,472.875076509284,9.07007744038877,380.890972290514
2091,2019,315.643662252189,55.1860008003595,60.7938072106681
2092,2019,28.1924667990554,0.00343252391852342,3.33056354730018
2093,2019,131.131161070438,15.9592219970264,18.9500436750257
2094,2019,23.6545051647007,0.0164836217325389,3.2015013863598
2095,2019,87.8995375872129,0.0704565806099583,10.3668298479295
2096.01,2019,40.3020310709464,0.267270761578046,28.440295888683
2096.02,2019,53.1510181199993,12.8956063909989,16.462166938112
2097,2019,118.01911239563,15.8102189951755,61.25939280753
2098,2019,795.389719428875,44.0367728767952,371.939553412648
2099.01,2019,136.280305053412,1.32356025260733,85.2840990027955
2099.02,2019,220.481591610107,3.26922890261528,129.962918240923
2100,2019,422.567076285393,1.8494949055425,282.744578690131
2101,2019,592.680949582036,20.7427392179824,268.693300945051
2102,2019,403.238356616881,23.5971030969514,139.919794439928
2103,2019,6.57635146653921,0.116105444035936,3.63377325857966
2104,2019,52.6947421528002,5.53591376873676,7.12049438553669
2105,2019,81.6492981261508,8.57886429423835,11.0452373411123
2106,2019,912.671464313406,33.9394185736328,443.586299462344
2107,2019,4.39341447737672,0.0371256719347298,2.63672086646828
2108,2019,1995.32300761494,57.2510700050833,759.206406324687
2109,2019,39.5128137134765,4.13086014374497,5.46959420945304
2110,2019,469.030044618916,13.4570102367487,178.449210985289
2111.01,2019,595.501323035878,17.1071233448772,227.021712672898
2111.02,2019,322.113436660828,13.9998882840167,212.943101833365
2112.01,2019,198.347516362753,9.76895055756954,153.026448936037
2112.02,2019,60.5352214299496,3.00870881858596,47.1765542754279
2112.03,2019,39.8742552312004,1.98182183057656,31.0749663034404
2112.04,2019,76.8922965298489,3.90303928055261,59.8272491502662
2112.05,2019,13.5778271532759,5.4282315432013,5.28491677053046
2112.06,2019,48.9608826750626,2.74262509914744,37.8125196153949
2113,2019,30.3258368403279,0.654437549883289,21.9690246355508
2114.01,2019,197.13500859494,5.65543305753608,75.0784269757807
2114.02,2019,378.208411102656,11.0289523233754,153.908552191905
2114.03,2019,286.085276120796,16.9684123109026,89.9605132496523
2115.01,2019,213.153604377387,7.40592276173632,55.5377514004281
2115.02,2019,601.554698583522,48.4388929931178,122.65724943846
2116.01,2019,1416.37040538771,42.0274712018382,538.524958108332
2116.02,2019,267.849745177882,7.68092054378267,101.9536084218
2117.01,2019,1088.24208363892,31.2186690660371,413.986698484405
2117.02,2019,295.208082079941,8.47066645252897,113.26543536525
2118,2019,2404.53503066597,223.040829707919,827.018496748657
2119,2019,2610.53350747648,242.36838517989,897.643225201206
2120,2019,2046.55807390596,189.118295459547,704.197825353411
2121,2019,1018.0782847649,94.4067732083563,350.198376398055
2122,2019,285.753045085481,12.7855546339564,157.546352193171
2123,2019,104.210028887853,8.01996443459106,41.1747991295643
2124,2019,61.3778323703384,4.6483124996871,22.719715554741
2125,2019,290.082558954868,42.249723626683,46.9935102309227
2126,2019,405.262461269967,22.0283231144605,226.21435116878
2127,2019,62.0497804186367,0.260237709749041,55.9108336066535
2128,2019,371.334167013079,116.221861763614,111.273161639238
2129,2019,57.9977035155296,0.712322131963753,43.5878277427707
2130,2019,86.3813271095539,0.465132532919811,80.3245733228584
2131,2019,323.278278528813,62.085196834615,150.894931618908
2132,2019,286.336889110575,13.3800302440754,140.219988489967
2133,2019,144.897313546699,4.99539477521172,83.1588613360692
2134,2019,67.9666930056132,1.3498663362447,46.7422879609132
2135,2019,460.505711069834,183.633459758892,151.470982313042
2136,2019,229.987502773944,1.04488271962641,187.39475021575
2137,2019,128.437021053638,11.0411621898898,71.3966003447383
2138,2019,1050.73691652978,249.793793355185,547.272916727172
2139,2019,576.207900046325,172.296678309876,230.267771971581
2140,2019,1047.95036113924,351.052089811116,253.162412470089
2141,2019,165.423982815362,2.23666768596674,130.51713562941
2142,2019,1651.86610923507,516.308754020856,649.407112963378
2143,2019,90.0990759053541,3.94685037589728,59.8328852267009
2144,2019,1022.74245044059,103.514102186155,572.476507483508
2145,2019,1173.67842605519,154.124186004158,796.283491962614
2146,2019,129.360637703553,9.48472879525194,62.9221468116358
2147,2019,284.899689375441,163.743795433122,82.0671568745947
2148,2019,119.695546127875,4.94399491704565,106.609859732359
2149,2019,76.243313040987,0.00212519556702819,66.8543450465819
2150,2019,1207.58255953378,302.268377514175,509.210326223056
2151,2019,29.9991131636086,2.80019887267144,23.4271619232783
2152,2019,37.3216824583932,0.0643637521362184,19.8018430067091
2153,2019,83.0157352427498,2.84169296040172,22.230709774787
2154,2019,147.983494004334,5.07671849765428,39.4713310448678
2155,2019,69.919332639831,1.05271706137847,56.5821178783536
2156,2019,85.0183045572839,1.1740672309831,54.5632930952099
2157,2019,69.3117908323425,0.894640092462673,43.9943992198694
2158,2019,75.3516620335126,1.94508843292305,39.7119605185246
2159,2019,89.9976453972998,13.5252748709418,41.1032858159162
1611,2045,399.689764133216,9.00017805761845,149.995411748661
1612,2045,234.901961510409,2.79906722364843,45.2425514504247
1613,2045,62.7611474387466,3.76936402551336,34.1479798551866
1614,2045,191.129483866091,30.4711616151295,27.8204254729684
1615,2045,207.113448445913,31.4645077111656,94.3996163716924
1616,2045,45.7981737312359,5.71439463687785,21.7576384336354
1617,2045,139.457719226986,13.3174987677534,70.630615571438
1618,2045,653.46286615904,4.03649631893007,345.553329113577
1619,2045,61.5169914152173,1.71033368040782,35.0830370521753
1620,2045,33.1926390049096,0.953640045644326,19.0497936352634
1621,2045,110.435983771659,0.375986383424737,27.9591773970542
1622,2045,77.6877362862107,4.3361477909496,42.7600982532207
1623,2045,119.007047213924,1.92942140293987,112.131741969924
1624,2045,161.153393080737,6.59820501900692,119.588779609816
1625,2045,321.205671076438,13.1816769485068,238.680338956651
1626,2045,238.560381396529,1.76183285427254,62.5930876440877
1627,2045,1195.01303214181,114.112083557993,754.100515541212
1628.01,2045,213.954538972984,10.6387343780898,11.9212598982787
1628.02,2045,201.784405287137,9.98742328527721,12.1617456304917
1628.03,2045,398.060785678527,19.8303994553532,21.6359245296773
1629,2045,30.7042936345001,0.135899244011159,11.0958495615457
1630.01,2045,262.547336675965,0.90187342961952,205.783725061678
1630.02,2045,1072.23318459618,23.8724930417,617.592451594412
1631,2045,988.992823010707,21.3121423777867,557.959794404694
1632.01,2045,470.028601806042,0.718691921937262,351.697402308206
1632.02,2045,1160.47774506636,2.73475741434828,852.725051119493
1632.03,2045,1363.78787553079,396.189010146153,605.002092172784
1632.04,2045,1046.51830256562,368.972688037963,371.872320827203
1633,2045,5202.33818757228,0.0492731519946785,263.124044658252
1634,2045,1055.49901548066,371.484697739685,375.226809548359
1635,2045,1168.99302816331,105.090111275064,555.023667145417
1636,2045,687.158321075259,22.9279723199796,454.469231527913
1637,2045,7140.46680310283,836.368692824764,2128.25296578645
1638.01,2045,1267.38110484349,152.788031056917,280.36880958751
1638.02,2045,2263.79878139625,231.68403804349,846.895621446125
1639.01,2045,679.270732438058,0.972222748524649,374.010793292947
1639.02,2045,931.819287544075,0.962295488045716,513.414997223435
1640,2045,1378.67037998591,24.4891863987868,1038.89987821459
1641,2045,1425.22952987926,25.6261635485354,1073.45233973967
1642,2045,4455.9563487212,1157.3394812963,2218.62306365465
1643,2045,320.760934634745,16.1986919557305,163.541578231466
1644,2045,893.204477565581,5.54293537903507,809.930045873568
1645,2045,2615.45804953639,486.200271731501,1566.42575730094
1646,2045,2913.01682483373,105.100419930785,2391.3052869893
1647.01,2045,967.976019834052,118.548676912643,416.330274691561
1647.02,2045,210.786125773807,41.0528129918572,75.6379835937347
1648,2045,856.210722860031,70.1847791246877,571.514693949256
1649,2045,1393.00548777181,212.025995109505,200.439681270819
1650,2045,5457.67841015333,359.324896525836,4019.59680463455
1651,2045,141.577174416805,3.49492852645443,57.1691251182896
1652.01,2045,651.947940895324,452.654995606547,166.742323233438
1652.02,2045,1319.31002339911,720.208503984508,275.257748037595
1653,2045,240.505980293514,93.1888683474943,70.6507800558423
1654.01,2045,137.889062539332,3.2897929612531,52.5951199055208
1654.02,2045,120.902050832899,2.97620576857461,45.8694217962091
1655,2045,392.312613046717,57.5439398067273,221.705614358248
1656,2045,1039.25620147402,218.134037167994,428.43197541751
1657,2045,1028.84842982997,60.1470454670811,480.05737592534
1658,2045,120.199047179844,27.1099771551827,61.2611059449014
1659,2045,194.616710008754,0.254904893749425,127.346482628447
1660,2045,379.993161902965,228.882114177737,85.8873782886812
1661,2045,198.774970824989,9.69327788067182,167.730499046795
1662.01,2045,782.192242705615,417.983972791746,98.5662520695382
1662.02,2045,1308.66402822552,64.3396905048991,329.225273386829
1662.03,2045,33.6833688940865,0.545801306237391,30.4508494519789
1663,2045,816.098393376952,117.681127163233,238.45684342106
1664,2045,59.5070541646103,1.40788292407943,40.1272719358894
1665.01,2045,3809.15866755942,1657.26708439129,1242.98248439244
1665.02,2045,370.203305366298,33.6635413483159,281.524050585778
1666,2045,214.757212534148,9.84788099660437,53.4334327580119
1667,2045,2335.42031873916,14.0813251757154,2113.7335315146
1668,2045,144.066977107732,0.00781878946327264,104.385381375129
1669,2045,70.7395007088978,2.96703150741809,49.5876128081797
1670,2045,295.726739140582,0.410979794796,247.409931376044
1671,2045,109.122555067928,3.30772566656624,73.1482796200536
1672.01,2045,1088.55102212066,571.088750557191,167.265086289478
1672.02,2045,262.389143722177,134.542179134741,43.154245242384
1673.01,2045,285.436210040279,8.9735744746265,164.092682353497
1673.02,2045,798.079432277385,12.2299845687314,475.139261748486
1673.03,2045,1474.75764495025,20.2823444890234,879.832801563966
1674,2045,878.577699018199,277.272116867792,449.170819466758
1675.01,2045,2345.29351956815,32.2001133147282,1399.4834572007
1675.02,2045,1060.53537298566,14.8958661840346,632.554490954591
1676.01,2045,722.904767043027,10.1660114808307,432.806506878719
1676.02,2045,1585.50283404513,21.9032213567733,945.95059894803
1676.03,2045,892.597492968277,12.1201079666845,532.753562197034
1677,2045,455.877170986666,68.3923413210977,211.604885127217
1678,2045,1682.75187787307,195.722944775946,549.653884902404
1679,2045,1716.37215878473,199.650633644832,560.706073763044
1680,2045,326.324289257187,44.7785242837536,134.426619673903
1681,2045,3389.26650312204,56.6124981856044,2472.16953955718
1682.01,2045,721.965708069007,71.8114961463164,285.000589780609
1682.02,2045,1188.18253669171,21.3328651603429,862.481276796398
1683,2045,2240.53925418338,260.192101795474,733.477189658528
1684,2045,1689.46495439885,193.450568552961,559.894777891022
1685,2045,382.624666354796,12.4044824005398,209.769710028794
1686,2045,2363.08567044073,53.8042654049198,1357.65640443261
1687,2045,67.555734244615,0.933571280374739,28.0840711968086
1688.01,2045,582.710458969286,62.8114689461058,203.962116698591
1688.02,2045,3486.45506071061,58.3931545205265,2547.41202480231
1688.03,2045,1703.51426944856,28.5114049553659,1244.96989862794
1689.01,2045,495.059705552181,55.2890228546894,171.003866035642
1689.02,2045,1956.29695642712,32.7443546473532,1429.70085157153
1689.03,2045,1874.69241821646,31.376382141974,1370.07107702188
1690.01,2045,2011.71399841812,33.6838491466443,1469.99827804227
1690.02,2045,1600.29268207838,26.3097977641276,1171.2453410007
1691,2045,1020.44198029071,23.5101431203194,702.839607751201
1692,2045,1871.02205523138,0.88558033263544,1475.7128599861
1693,2045,1987.64472610081,1.09937198099236,1566.68680687609
1694,2045,3961.84864996982,57.8449545695615,2852.35900321077
1695,2045,545.337884964972,164.938680866968,286.751821898991
1696,2045,2163.848083199,46.8597371358327,1213.77812988842
1697,2045,1395.82592295095,228.976746724267,427.138314204238
1698,2045,132.682129622053,4.28506084183854,70.5518799991337
1699,2045,337.930831441403,9.53439512144605,160.023570161395
1700,2045,164.406247064158,0.208263343011934,85.7953096798515
1701,2045,103.600072989127,0.308004171208263,23.8908032075376
1702,2045,50.1791896000704,0,10.7526834857294
1703,2045,950.266281670117,15.494514969016,616.11106037511
1704.01,2045,729.558329885116,5.44186880630948,499.20115821577
1704.02,2045,580.310659347417,4.37152459608835,396.903999976047
1704.03,2045,375.79047737621,2.76657736169141,255.901943466487
1705,2045,160.514448413798,2.45265664655232,118.318196467984
1706,2045,1509.34164534108,250.215877227029,631.458155249308
1707,2045,171.01471912254,7.77170401891765,83.1772631589329
1708,2045,105.623396399726,8.49601426351692,52.7192554151469
1709,2045,106.430329932238,2.51820303184754,46.7086633196753
1710,2045,105.082446027323,2.47618403663112,46.1097263269919
1711,2045,51.1578509982267,0.00451954174933655,30.6305263647498
1712,2045,208.117019916629,23.9548215217682,80.2545650124965
1713,2045,163.402617311586,0.981713101542256,74.1741085397982
1714,2045,185.001445476794,1.11740765763867,84.1050857227287
1715,2045,201.686874527773,31.2981972605845,91.530669874523
1716,2045,40.1404538701793,5.72468847934605,30.011067378226
1717,2045,188.68487753754,13.9725580554476,105.015881314107
1718,2045,127.346308872506,18.3370942799593,95.6054443997377
1719,2045,877.481596386958,91.8060272017925,441.83131314855
1720,2045,29.0087127625775,0.0765499375004472,16.9910718865167
1721,2045,44.19343385808,0.00783300595924475,28.6360264461004
1722,2045,84.5151574873362,0.766585069251294,59.7278338667024
1723,2045,2512.17049538437,2.41539600738955,853.278131847082
1724,2045,3131.90471163526,2.57395568135549,1262.29802015139
1725.01,2045,265.677057037587,0.354511400387064,89.9190004977985
1725.02,2045,425.566923993302,0.334881117401087,141.989593778061
1726.01,2045,346.222220642429,0.928148624316712,132.884289993316
1726.02,2045,294.950246995873,0.856836005642773,120.253818427374
1727,2045,817.584539606844,7.94784460719208,527.625711129424
1728.01,2045,1676.01453315991,50.2539777152903,988.619883115897
1728.02,2045,1824.76667732189,53.4085997194259,1080.01857740392
1729.01,2045,564.788039000508,5.48970252076276,364.460419895385
1729.02,2045,448.547464528988,4.3598517969045,289.449821838558
1730.01,2045,1312.22898564799,36.6840517316028,839.726793546462
1730.02,2045,2012.58504542916,58.8732930227492,1192.0908205352
1731.01,2045,1213.09764847059,238.450759731337,902.480647720266
1731.02,2045,1204.13208801322,237.488730080082,895.657369478846
1731.03,2045,587.174975661072,115.680313792194,436.741607643732
1732,2045,5747.45047869106,144.949981944215,2985.04701754172
1733,2045,203.189436740407,12.3783935825318,161.001354964339
1734,2045,958.151492351996,559.773730026636,184.026721356151
1735,2045,135.3066014864,25.6523365364086,67.332602813749
1736,2045,785.570184855614,149.881994926887,237.486984043236
1737,2045,3164.147685805,173.921692989967,789.682744829353
1738,2045,1801.24878948187,47.5145135362746,1006.35142440095
1739.01,2045,1312.86916429692,87.8885233958748,763.652750081638
1739.02,2045,6483.0737992678,201.016217418487,4417.90761467707
1739.03,2045,5560.98244344155,176.674559580343,3753.38641540564
1740,2045,4935.70007354595,35.3533975697576,2786.41402108867
1741.01,2045,1474.0031946981,92.5162093856312,833.536407488349
1741.02,2045,675.155727302001,43.299223780683,382.797958643447
1741.03,2045,1193.23617864747,75.9620791506699,672.295393371885
1742.01,2045,2050.80221923009,38.2917776789354,474.133050654004
1742.02,2045,1428.16284005804,26.8380051764192,321.973594429728
1743,2045,3286.15607199825,61.7697115733819,740.533055777024
1744.01,2045,347.687487380807,2.6004530232922,30.4028846716757
1744.02,2045,96.9457578837458,0.637276962259627,7.40834468626817
1745,2045,752.864337545078,5.05060840666648,60.8592820995342
1746,2045,2223.48109390231,94.0045443766761,984.276850631282
1747,2045,3053.94424775355,127.472279330043,1388.67262401987
1748,2045,429.580686525669,29.7325089789161,108.382197236814
1749,2045,876.607544469262,6.43131368774692,600.255944189713
1750.01,2045,3958.91571896169,181.794753459842,2495.25542564992
1750.02,2045,781.402097344178,35.6484579164628,488.59694758164
1750.03,2045,1537.61126620002,70.5318028118777,967.279424714534
1751,2045,109.080208181468,3.47680287694326,62.9375321567605
1752.01,2045,206.901737379053,74.0048436781639,66.5636902916828
1752.02,2045,185.005270363625,2.1492184299967,159.347493884286
1753.01,2045,392.268383439713,2.87791388472888,268.605295908029
1753.02,2045,855.305016654221,6.27502568910389,585.669064316363
1753.03,2045,559.646040900353,4.06077577100182,377.858956948541
1754.01,2045,1395.90020745783,0.943474817562685,314.922145743719
1754.02,2045,146.838551635915,31.956077690896,74.7042563903306
1754.03,2045,97.8913497109821,20.1118533259741,56.4768605812132
1755,2045,1316.21428623925,20.9261799544593,836.233897251748
1756,2045,1961.86229652429,26.6791752599002,1170.99827036255
1757,2045,112.738903123176,2.04963468929002,93.7500843117338
1758,2045,283.39626220372,53.9071595075492,189.096579486371
1759,2045,425.526684006994,101.414376766113,121.000098738833
1760,2045,167.935469758597,2.17639786328677,134.167357844465
1761,2045,2210.56288738282,34.3983418187522,756.293771773335
1762,2045,248.636435619106,34.3685353484223,137.782346921058
1763,2045,88.0304350555168,4.03047768603479,62.4208342743623
1764,2045,158.471667210901,0.0635604341675167,122.352732253137
1765,2045,66.934759658333,0,33.0572176078189
1766,2045,92.3680822893238,6.91970218212476e-05,47.7844977613689
1767,2045,329.139365613178,61.7966075132532,158.820706142395
1768,2045,337.780669791433,1.15811174854717,215.711438647549
1769,2045,4068.5020340921,38.4515569438391,2649.19939613289
1770.01,2045,424.596964219743,4.93661347934501,302.590140723293
1770.02,2045,211.658101577071,2.46653943433658,151.039267714376
1771,2045,46.3770723955101,0.000913870443372592,27.881758900329
1772,2045,2560.56904722797,38.9969311306001,1823.59319322738
1773,2045,641.364432076907,7.47408510097849,457.677799418742
1774,2045,3265.83038266409,38.0547777892959,2330.46702639626
1775,2045,80.2292576513926,1.38593710949126,63.3876157462129
1776,2045,12.5737229541179,0.0623489528445949,9.76754598779659
1777,2045,33.6202880563769,0.00325525251081762,19.9416527637872
1778,2045,131.931478646653,0.895582124387841,118.770590083293
1779,2045,929.918759322571,228.832523041351,445.474446691222
1780,2045,279.637193740011,7.30366320770323,142.356357632903
1781,2045,30.3332131839785,0,22.4585076739893
1782,2045,67.3694038601076,0.0237598603296141,49.9574148581683
1783,2045,63.1116681959439,0,40.1558948103287
1784,2045,1290.3088304987,22.8799044523047,973.543630086438
1785,2045,708.844259180014,57.0339639025374,532.240654589838
1786,2045,1256.75555500549,0.053035749324145,1122.37235849524
1787,2045,1063.85552607809,0.0726799064499464,948.037152641029
1788,2045,542.075370940934,4.15060226049353,414.349272821676
1789,2045,188.321763198199,17.7849937455312,139.8565991908
1790,2045,1312.75526920007,23.016682122392,436.889068566114
1791,2045,1524.40437195385,76.6819730518803,795.430994466561
1792,2045,889.695197911891,147.919930099396,512.242377180908
1793.01,2045,756.275720963098,16.5240067914797,383.656176269917
1793.02,2045,247.933465676782,5.3944463535741,125.764671479328
1794,2045,14.0545845682888,0.111351501317191,3.34400068785431
1795,2045,1097.81313498409,9.42748582667763,666.040068832939
1796.01,2045,1140.15978148381,101.783957932209,852.857883371017
1796.02,2045,1100.11491312778,337.081095639107,448.275466699353
1796.03,2045,404.611568800467,58.1612638413778,255.415034720536
1797.01,2045,482.416837958761,48.6044032229127,303.958879856723
1797.02,2045,591.841555228887,59.2272075440733,371.097264266206
1797.03,2045,237.481498226713,24.676174183001,149.591456665703
1798.01,2045,1278.38064805205,145.37708218984,724.014762358614
1798.02,2045,1074.28110935542,97.3417846186116,650.533086585887
1798.03,2045,597.353460149758,163.184389113609,213.684757913147
1798.04,2045,488.066420076548,135.216416252488,178.849933736907
1799,2045,750.254404198222,13.5117411721844,505.645364030492
1800.01,2045,982.466064315421,325.925286158103,381.112611778899
1800.02,2045,241.062298712209,48.1031595865397,101.72057926288
1800.03,2045,916.845902171472,240.760979953487,256.787535449089
1800.04,2045,237.310795554547,64.3206703606422,65.8201177060424
1800.05,2045,999.932345531115,273.342122938231,285.901854007453
1800.06,2045,461.82425847391,148.220064097094,170.783128667831
1801,2045,355.519889337185,60.9089847805345,203.859020492248
1802,2045,461.913283576257,47.4049197598985,157.421027136386
1803,2045,679.076756068966,1.14393393945131,605.47570430172
1804,2045,1098.90146813972,0.00737689227113954,990.141929810235
1805,2045,262.003159454788,28.5299409967967,184.567346685508
1806,2045,13.7492030628413,0.00307680140489267,10.8961647325294
1807,2045,83.1939183987641,0.327392949515862,62.8563656532379
1808,2045,105.662375967013,9.74827964918005,75.1077083307247
1809,2045,519.778416604046,0.00301578682706326,474.601873274978
1810,2045,2073.43916588582,642.220139149108,867.376505400972
1811,2045,680.785407898732,56.168503664345,345.107204726009
1812,2045,626.834808845784,259.06384068717,176.982610462138
1813,2045,194.581387613201,81.1167033550632,54.598364882041
1814.01,2045,1231.66851297257,121.949796764337,655.729765578455
1814.02,2045,840.364931189841,82.7238521282764,453.387396631535
1815,2045,334.693803285703,4.87473391777975,231.226712223243
1816,2045,481.048775100896,25.6116986254391,293.710125671921
1817.01,2045,2358.46566012405,233.605078007535,1255.58351522791
1817.02,2045,645.429015524892,63.8877342602054,343.774431658949
1817.03,2045,1522.44776838462,150.797841032454,810.510135084477
1818,2045,170.024482453855,3.6124086866007,110.417173781517
1819,2045,159.524854579567,8.22860179115928,122.726083338485
1820,2045,256.758790578822,19.7176288296883,203.449379813788
1821,2045,5251.89372772594,507.962427260098,820.909212596869
1822,2045,1156.11658081961,129.149325891503,541.887251627286
1823,2045,1508.43389314718,271.371860833581,733.660925101459
1824,2045,1434.65536116607,191.336597628713,706.893389088698
1825,2045,562.815276521246,58.5221222261278,257.626574943446
1826,2045,104.732800314002,3.31887448083201,31.4002456191568
1827,2045,86.918632632079,6.14115412935656,49.7535232078073
1828,2045,184.701398836448,1.3804711449371,120.566814745073
1829,2045,30.6655985080309,0.18034253412747,19.2981356894881
1830,2045,158.285908770952,21.393635557693,77.9764974722768
1831,2045,716.257119503571,88.7910985067757,331.290006290601
1832.01,2045,1447.82764523684,275.490415911883,676.817670525095
1832.02,2045,2150.3918217941,408.37936346842,1007.57634687105
1832.03,2045,59.255300665586,9.13245583580269,28.1532069969333
1833.01,2045,99.3564719468873,14.1615231119102,58.54934954013
1833.02,2045,230.354104805388,17.8588819968755,116.421978927383
1833.03,2045,94.6849955649997,9.22580064476942,50.5069290550984
1834,2045,959.249726563636,136.719470730996,565.285793181405
1835,2045,263.320793773217,37.4848722807829,155.043671529062
1836,2045,321.788493456024,17.2049906131005,139.813901923537
1837,2045,2156.31191237252,124.82095091562,769.581012512247
1838.01,2045,1256.46563376888,73.0575403061247,465.341837707751
1838.02,2045,482.162962452736,28.0692497389621,172.786414503837
1839,2045,2375.05447975112,281.242775546348,1485.33259885373
1840,2045,1717.11705631561,100.316636076896,616.911821515385
1841.01,2045,1308.99967457596,154.712904836069,817.335565128635
1841.02,2045,1367.1031896955,159.329235499052,843.630264658794
1841.03,2045,2953.06349458866,352.917672043758,1861.13951596883
1841.04,2045,1291.40409381358,152.380549827711,805.228008439106
1842.01,2045,5109.01300667422,610.954300232222,3221.59684635405
1842.02,2045,1809.65702510317,216.405348741115,1141.11773789551
1843.01,2045,2940.31192214197,351.593505943168,1853.98905324592
1843.02,2045,7348.74367142411,878.446406281063,4634.10311882529
1844,2045,2972.55611329391,355.469038290961,1874.40849880161
1845.01,2045,1543.15471896477,182.597815662729,968.384695945509
1845.02,2045,2583.67236360956,305.220546174088,1620.14010228893
1845.03,2045,1832.46115308914,219.132349051719,1155.49736595821
1846.01,2045,3708.5311975595,438.064808325825,2325.38470197508
1846.02,2045,2406.49505052249,287.777403910224,1517.46665263956
1847.01,2045,3472.95178872807,209.88116762318,1693.34179303487
1847.02,2045,2917.28350612946,176.211872423132,1422.16726365247
1848.01,2045,732.698387088018,135.72002377721,355.424215809544
1848.02,2045,1469.62566782751,247.716125195565,691.500215627229
1849.01,2045,972.8422531397,184.863101429837,455.770890809064
1849.02,2045,1743.99874536508,286.570761565958,916.605573197748
1850,2045,217.369894423561,35.9505126770553,119.475939149708
1851.01,2045,4571.4917401347,173.254875060194,3050.85386362436
1851.02,2045,4778.28823588195,151.433408870211,3102.67993097127
1852.01,2045,339.036659068724,13.4413347604577,229.134981390229
1852.02,2045,528.644063613347,19.2433560709777,355.827956209483
1853.01,2045,1039.16034832563,46.2294259593132,694.866246608323
1853.02,2045,988.184096752414,65.8594089725543,651.712389096455
1854.01,2045,352.008537417326,15.4192866629423,237.244164702933
1854.02,2045,890.452560933495,39.1084991711814,600.264219116051
1855,2045,5142.57983162438,614.958775736262,3242.76860135815
1856,2045,292.629688865607,4.24510939014378,263.23536554353
1857,2045,961.317510735106,2.7550043791314,905.058688254745
1858,2045,1759.60279979238,203.757404737605,914.234266305135
1859,2045,401.312584119496,10.248847640143,241.368932050176
1860,2045,1020.11994904921,38.5172445096952,733.048687117631
1861,2045,1488.64711231723,139.488052365494,929.906825287638
1862,2045,140.766070406036,0.362711306024192,110.915558373397
1863,2045,218.272394872167,1.17698286090921,186.156497318029
1864,2045,1830.03872891022,7.0143346939373,1669.05571884965
1865.01,2045,1164.88064085085,4.1843073922268,1032.1541756914
1865.02,2045,658.688608577112,2.21686450662362,572.249309206309
1865.03,2045,733.0213964667,2.80964424709851,668.547454796439
1865.04,2045,327.525586964885,1.25539361556038,298.717607155184
1866.01,2045,721.467717879548,0.957691899076175,546.082758396806
1866.02,2045,15.176524797237,0.00573024536413996,12.022073648147
1866.03,2045,499.549103903092,0.549729826497211,247.28695875706
1867.01,2045,2971.35445898877,84.8839822873039,1716.11082855076
1867.02,2045,757.430326253271,0,421.632288547428
1868.01,2045,1698.04193552325,98.2925812447641,606.023661554992
1868.02,2045,2319.90098758176,133.906883933343,828.05252594199
1868.03,2045,2013.1599194536,116.897411664203,720.102318734464
1869.01,2045,350.003407405612,0.288434364089195,134.10387942341
1869.02,2045,513.219276099357,15.0625962740488,192.780108994864
1870,2045,516.108948053428,0.0148167523351939,192.42109754938
1871,2045,351.462062985451,25.3058415400007,198.756934633781
1872,2045,187.539906963591,3.58871911805217,173.665853661772
1873,2045,359.974470303054,89.9758936716567,140.466933808856
1874,2045,1410.44643798871,309.168997203874,558.262928201698
1875,2045,7.09043005597377,0.212254519590473,5.97161029463331
1876,2045,1021.49104835894,146.415113784116,627.550842992182
1877,2045,144.076006260177,18.7014515013269,54.2347756262714
1878,2045,447.277958854149,64.1672064334129,273.105129692981
1879,2045,1952.03012494654,101.754770471022,1068.13992765442
1880,2045,1210.71725466453,133.516885198594,620.265249419156
1881,2045,2385.31791815769,131.52645470662,1330.77572850259
1882,2045,199.125687834466,0.242537845954845,183.144583840385
1883,2045,88.6186338982621,0.167085557003411,81.7400401575813
1884,2045,152.507282517392,8.99488590711624,120.517142653083
1885,2045,368.423846960036,10.888909826891,268.499358571383
1886,2045,57.7405445983406,2.30910161047669,37.0381143529885
1887,2045,112.846008938776,20.9739920165542,84.6873238336675
1888,2045,338.46012169416,48.2416587217115,199.456384536986
1889,2045,1304.71754860277,185.964837119361,768.688140279593
1890,2045,65.1633744680405,16.3521060405152,25.6863031593592
1891,2045,109.221795773059,4.93166952568267,35.46190866378
1892,2045,95.8390415473162,0.0219845168640415,74.3069827805886
1893,2045,41.6435291885837,10.2623782789096,16.9150866921355
1894,2045,73.5461507515062,18.7824510690298,28.7263159514146
1895,2045,212.547541393607,54.0704160305465,83.2128354370758
1896,2045,119.738450637391,5.5205332799995,51.0769592621125
1897,2045,88.3968232471095,0.053125515366954,78.8705346163608
1898,2045,77.3392573985762,3.57354669686481,32.9693735540131
1899,2045,43.5483723657272,0.0562037005256748,28.7221233773507
1900,2045,105.213750192844,0.0897392767092697,97.589057903999
1901.01,2045,631.683493812391,248.285499803151,266.097757881767
1901.02,2045,1126.11024367336,442.621736079318,474.375876375472
1901.03,2045,608.90926019473,239.334004264985,256.504072812429
1902,2045,5995.97973030378,315.123993378721,2689.67797827279
1903,2045,256.365227643138,41.0404558894837,82.5821529038098
1904,2045,328.883147189478,129.268719820349,138.542591233532
1905,2045,609.942743841914,111.749818648627,288.852703955947
1906.01,2045,187.699649991419,50.6723723271858,56.4859321269909
1906.02,2045,217.62194005883,35.1438666966017,85.8089755145895
1907,2045,313.569944272012,83.4432084986194,116.733794338769
1908,2045,1805.69402360508,380.897022602471,760.872493892755
1909,2045,105.745510381992,12.2189070837274,63.4795433606488
1910,2045,76.3889998926313,35.2268142794476,21.4290029971256
1911,2045,696.850763252743,320.408417643894,196.516712281553
1912,2045,289.462369338762,127.842875345143,92.8626206749057
1913,2045,278.534729614602,1.25500346754887,214.881358737042
1914,2045,349.082315200481,0.975612018306125,236.982204205188
1915,2045,65.4643267709083,0.221845851982382,55.8931029142142
1916,2045,192.744007228237,6.675435018253,155.981785075514
1917,2045,222.25775481546,72.7139148629028,104.732145189173
1918,2045,341.389742418195,52.6853079989912,212.433100732741
1919,2045,566.897600902162,1.50752603035316,432.860627466164
1920,2045,3646.93704133882,194.460032239869,2228.03103067191
1921,2045,14.8768223440506,0.0666008328594097,12.4602715487374
1922,2045,103.931839591568,0,95.2953691798351
1923,2045,13.722445193256,0,10.9142653274774
1924,2045,329.885159532892,26.3476077548616,212.399086541774
1925,2045,170.203794467739,56.3690752385024,76.1084439368408
1926,2045,14.5536783027183,0,12.4874819485739
1927,2045,395.846138661271,138.113392665155,168.307094338318
1928,2045,230.435039641326,13.1509937485175,145.512667932034
1929,2045,55.1896512565189,2.90143731524173,30.1889792783162
1930,2045,145.043819782172,7.13412006827306,74.161527138737
1931,2045,1077.71750562451,29.1256430042216,192.048111529685
1932,2045,25.3229637910117,0.308514301248842,20.35648033667
1933,2045,1063.13060115363,30.2265989308369,876.442142496385
1934,2045,211.085595750511,6.31813403457841,177.442365075009
1935,2045,1139.71829605048,161.174653940894,545.757340874038
1936,2045,894.384030060668,107.047006534611,411.039737593532
1937,2045,695.016199080226,69.3313451948853,409.047077630088
1938,2045,1920.03269174921,124.472545852662,1076.77445454239
1939,2045,972.805878504285,74.9351191944491,599.292154647128
1940,2045,509.83542947964,268.368440910392,56.7340525319713
1941,2045,139.716680086857,4.00670160109095,71.8539270156176
1942,2045,70.4113319423594,9.11622874501201,48.4172132682159
1943.01,2045,18.97888722082,7.57552522626246,8.52976326302456
1943.02,2045,14.3454340087079,5.71076194614168,6.46458252303238
1943.03,2045,35.0609624191977,12.5403974835123,16.0719808143428
1944.01,2045,52.9161688751491,12.4812571020906,14.4863118114972
1944.02,2045,118.259328302961,27.5625979203512,30.7447075831461
1944.03,2045,199.440547428087,80.545619394738,44.176383251529
1944.04,2045,90.1470728207443,63.3887197932611,13.6389663489599
1944.05,2045,508.203395067121,354.89272120653,79.529499985999
1944.06,2045,89.8852549116091,25.3778781369221,22.5251709687214
1945.01,2045,112.839541973842,65.1818448499148,27.9199972231818
1945.02,2045,710.421165938457,410.579356991347,175.93967573006
1945.03,2045,611.394139089948,353.012362978029,150.001896739137
1946,2045,286.31216731142,163.930565605386,70.4872112172923
1947,2045,789.239930457334,240.294027803333,371.103804187099
1948,2045,1122.86110926961,110.316440717597,811.933512248195
1949,2045,202.039729165077,0.0543488218475996,189.536847337001
1950,2045,440.502428214269,199.767784828709,139.54631367886
1951,2045,83.0285655480097,5.63936921276374,44.3104119405134
1952,2045,1593.93660520307,383.910033332992,694.133463923334
1953,2045,113.267236106125,0.0756398912708058,87.3512757152449
1954,2045,462.193254276148,7.25719441544,395.197261165078
1955,2045,144.356040697183,16.5919811836574,61.7194299438474
1956,2045,377.714111022272,39.663919129795,166.333387770632
1957,2045,1589.93784306506,75.2171474423166,1202.42960300726
1958,2045,187.204843528187,48.8684745670116,41.5806197642344
1959,2045,313.953403526236,0.581116733233589,205.858288056819
1960,2045,2999.04556935638,6.29830493127847,2347.72774012224
1961,2045,638.844367057301,220.64113401135,167.145324532005
1962,2045,303.288407294459,159.755255229873,54.6565034887813
1963,2045,417.706706648989,141.861963341883,180.322063090192
1964,2045,101.79160373928,0.129028431525888,79.756261704002
1965,2045,2499.98237880884,7.98063290529621,1932.91305424303
1966.01,2045,298.177720026486,5.43024497411168,38.1199940269967
1966.02,2045,526.221064115217,10.7688563964071,65.552401690823
1967,2045,752.398310265918,26.5675774366157,78.4091290698029
1968.01,2045,739.220234440872,13.2403382276795,522.574112380554
1968.02,2045,612.206897313487,13.3224243933593,367.345718296637
1969.01,2045,1000.25624367872,43.6665962918825,490.366294290481
1969.02,2045,1960.09468092619,85.6712734322213,960.418380494155
1970,2045,829.364738837732,6.79933545662811,209.120871703274
1971,2045,3069.60445180682,132.946445893053,1524.28038693712
1972.01,2045,208.019328779527,0.518610101531588,165.904663627339
1972.02,2045,291.749940895534,0.645506156106653,233.145902078083
1972.03,2045,24.0052726014024,0.410481127274778,18.3064745710712
1972.04,2045,1731.03145834794,4.40053282842735,1686.91145563147
1973.01,2045,887.597867709735,42.135981798034,433.777267619729
1973.02,2045,1279.72862020977,57.8808587057152,627.102993892753
1973.03,2045,809.476908595771,35.3876117491184,397.195915759097
1973.04,2045,1050.99573102765,45.9752458774961,515.60032209147
1974,2045,7318.764471942,17.5562040615025,7015.03712698866
1975,2045,1896.58028973423,29.6856416326124,1582.1668677644
1976,2045,976.860286088783,43.8776365556183,780.270538599832
1977,2045,144.923465197044,1.11098397882973,64.6521360198709
1978,2045,256.838216255308,1.29634017016546,203.350558080218
1979,2045,196.520768615738,4.00778667845368,166.134354244223
1980,2045,77.6354813488933,0.218715445996426,57.2805759186918
1981,2045,1855.72942260709,10.1268891349806,1736.67764457253
1982,2045,256.825271851645,114.306552019154,105.181786317591
1983,2045,632.602509820545,25.9361175686805,258.566696991736
1984,2045,482.410200127158,146.493148178946,123.520745103104
1985,2045,2392.45145249132,98.9833723155442,980.428329473217
1986,2045,1495.12096011854,245.348499687498,891.523992270638
1987,2045,575.770506725869,101.331691115299,96.2996781541187
1988,2045,33.1618886373345,1.04906758374752,7.81219887512923
1989.01,2045,1443.86351127155,27.3885848053524,457.110138449749
1989.02,2045,232.546964722285,4.67488575439355,13.0238372560169
1989.03,2045,141.643015833142,2.84639569204148,7.20961806379187
1990,2045,1876.70280985119,52.19176604854,1287.18054193404
1991,2045,691.145207028561,16.3001089683131,477.916842907878
1992,2045,83.9712574146395,7.50429131222499,47.7388322920203
1993,2045,15.2224967964383,0.431270295514585,12.5300007384615
1994,2045,208.813158899014,50.2947823584722,90.9347627463447
1995,2045,71.1846194568633,13.5182498545328,21.9086227498145
1996,2045,630.593342107508,8.87983689942415,544.170545318697
1997,2045,1863.40320461059,24.4415162591272,1435.96294896353
1998,2045,1356.32012563527,240.308400714906,578.654987364869
1999,2045,550.165398982134,231.993525667585,153.031915221035
2000,2045,113.032918202021,6.36397324653058,47.3672304574329
2001,2045,551.558871867641,227.954912503497,162.069431292788
2002,2045,630.63102493539,83.3098179916315,406.176537430085
2003,2045,888.005958537396,327.525032579437,329.920493253179
2004,2045,700.176219429311,10.9783119194668,528.931816157789
2005,2045,10188.5410898634,90.5374831623379,9277.61749137052
2006.01,2045,1095.31899022596,75.0530038983738,245.628012758314
2006.02,2045,129.456528453714,8.87056777195298,29.0309490718461
2007,2045,2129.67572921137,147.453572747246,622.665120240173
2008,2045,444.575168226665,50.9150950030314,231.993849552912
2009,2045,1114.59362674951,38.0962554153946,799.476105468451
2010,2045,379.554819415653,238.156648822351,47.9337094334481
2011,2045,362.012414855215,40.0145663870659,92.3421981384502
2012.01,2045,454.912909964192,82.0531637803106,260.25257006642
2012.02,2045,199.350383369018,51.4537730055154,105.375122631873
2013.01,2045,28260.1277757102,254.021680182243,25696.7737467905
2013.02,2045,4154.94673182721,41.9868673764225,3767.86755285233
2014,2045,754.711393511667,252.153835409946,142.867990594882
2015,2045,1080.14729560056,201.766188230481,570.022417061705
2016,2045,163.581389064884,30.7624521800964,85.9635338699205
2017,2045,179.794528800798,35.0969194906419,91.371803593084
2018.01,2045,107.070391987713,26.6939392242345,30.4063413680022
2018.02,2045,213.6803191489,53.2730790173097,60.6819178210415
2018.03,2045,211.71410665402,52.8261320445407,60.1833755136558
2019,2045,702.235369674828,253.935481900857,108.312919151331
2020,2045,837.18615644929,52.1990410403098,686.416594189787
2021,2045,973.486918026927,192.192423355007,423.65786014314
2022,2045,334.826214350943,80.7357934002545,103.588684237828
2023,2045,444.978787028857,8.17924058559425,381.929811962537
2024,2045,113.591792370856,1.01446902075946,87.2803754034783
2025.01,2045,127.601786162942,18.8637226372717,84.5133677674397
2025.02,2045,125.612987757663,32.588176868753,70.7792092961311
2025.03,2045,41.0139667025036,0.3703292704515,31.6631526236032
2026,2045,786.1272946504,303.873387189136,372.448458831445
2027,2045,1431.79108377712,549.559769421356,673.022350817708
2028,2045,1773.03306102554,685.553265085777,839.737417173402
2029,2045,225.290249429677,135.329610893314,37.1573185933789
2030,2045,589.590169542724,369.891483984002,74.4548624296392
2031,2045,916.638465677287,25.3547399822824,665.447980602261
2032,2045,946.770578418275,61.09440168185,651.385225185627
2033,2045,1609.11873825613,470.763594634576,388.181305389344
2034,2045,373.107401323281,40.4369157188125,206.817606652374
2035,2045,1176.16848297732,85.8797546654855,542.930408561134
2036.01,2045,263.693160289918,13.044665224314,205.022021439477
2036.02,2045,32.1657754211192,8.01359214890476,3.82566520667631
2036.03,2045,79.5100516342724,3.88786335865975,61.1129871467533
2037,2045,91.7001060019045,0.0123355818153154,69.6425035705717
2038,2045,1190.75672575833,342.971869164391,394.659639895245
2039,2045,387.387293798369,89.4903300164257,113.327925925347
2040,2045,1366.65038985607,580.476406479963,187.221419265017
2041,2045,201.9449489501,1.01593464652114,47.5507996655195
2042,2045,373.344199999562,5.67341526387463,168.250466759478
2043,2045,67.8628878118563,10.9135504554309,34.6793677942572
2044.01,2045,1154.52022451333,465.037775076193,296.102456334875
2044.02,2045,264.343555860244,128.495659964996,52.257970033967
2045,2045,445.524851434017,215.89814276526,89.6487828252166
2046,2045,69.4437800611134,20.1438146957794,22.130137244846
2047.01,2045,208.13169749295,43.497061941345,115.882462635696
2047.02,2045,29.2344648204238,8.70873013003257,13.90423166827
2048,2045,36.3063579317427,14.870299380297,12.4678286075802
2049,2045,120.201362433477,1.6052310089826,58.6653078175042
2050,2045,49.0704316345725,0,45.387424933678
2051,2045,71.5592113618611,0.470445452213272,41.6556326519383
2052,2045,759.767434423644,268.566188029466,309.810538858138
2053,2045,613.160292921807,29.5584169495487,118.632546298339
2054,2045,29.1373408604965,10.6591687580758,6.07187551369214
2055,2045,224.352794027848,10.5093938529024,45.2385100600528
2056,2045,127.785533422494,5.84581934645608,26.9228501636323
2057,2045,86.2091913458042,0.498878431631191,77.824721746408
2058,2045,139.933651731278,14.0742987724061,87.4716874115011
2059,2045,168.816562379216,33.4971252238314,52.1379931869846
2060,2045,324.415010130273,109.974080628009,139.318864009658
2061.01,2045,14.5207382969563,3.32056520387295,2.39598661249367
2061.02,2045,54.174659627545,11.424446601572,5.88398185025316
2062.01,2045,85.1497454129329,11.4225452263394,39.6163982177669
2062.02,2045,109.199547442292,23.7581040835555,43.8005993167475
2062.03,2045,575.774263728898,129.679526528972,230.092191247988
2063.01,2045,143.535447574331,15.5980576222211,78.6632811454301
2063.02,2045,8.89030781790931,1.87407475879136,0.963809875949843
2064,2045,217.642048918412,121.501933601974,59.8464728771184
2065,2045,719.091331493885,47.8027683169054,659.621717677578
2066.01,2045,14.2940911180583,0.361101062777258,9.67223159578781
2066.02,2045,774.893642179397,71.7294140741551,463.966982836425
2067,2045,840.785284974828,89.5894404408409,538.077705500076
2068,2045,234.928794596742,3.44230740173846,146.573273278025
2069.01,2045,1664.54574467601,68.2051899662536,1500.06557305891
2069.02,2045,234.678537017272,1.28402078125118,226.689159356742
2070,2045,488.920942900548,178.336262293477,218.586561711766
2071,2045,85.8748064101789,3.64858424312632,55.2149072245216
2072,2045,292.678079093677,43.2791832430861,144.56489221177
2073.01,2045,242.718017134757,38.928460625181,107.357030965681
2073.02,2045,74.3774245436505,11.9477299030884,31.3779958825939
2073.03,2045,458.936663322022,50.1318353389975,237.69362288813
2074.01,2045,65.4724074100651,14.4541176939034,27.2668988018986
2074.02,2045,76.7156672259276,16.6862373318546,37.9107822723902
2075.01,2045,152.143774135748,66.1858929335028,34.0145221911419
2075.02,2045,585.619064544998,364.310094122792,51.0922067880096
2076.01,2045,527.26937718329,236.380141364399,112.366870221244
2076.02,2045,751.686617829281,514.622484519008,36.9076371495428
2076.03,2045,83.5313604538321,36.3379816952243,18.6749627446343
2077,2045,542.524888346542,1.33639673155378,54.6006265541118
2078,2045,26.5481208996812,0.00713710796991927,24.0064741193943
2079.01,2045,82.7944537079271,22.149574644367,24.9556094285411
2079.02,2045,390.419077830538,62.2715304632057,193.916191500745
2080.01,2045,26.8014134552079,3.86662877144671,14.3057863412959
2080.02,2045,40.1236700291209,3.28201608213916,29.5572304578044
2080.03,2045,22.3084144064975,0.821888951818328,16.7900171585744
2080.04,2045,66.9266885692137,17.0365932636862,19.35702872643
2081,2045,365.965640305031,57.3159117457959,260.772039142965
2082,2045,344.075576336043,53.0475038162064,134.166128385539
2083,2045,178.941318322223,65.8820381287269,64.5118268990372
2084,2045,109.803687527037,29.9638281843739,55.3729734360215
2085.01,2045,78.7977272320999,25.7044610395959,25.966500456205
2085.02,2045,285.748063482106,75.3074662350067,99.637429390711
2086.01,2045,48.6187606146889,3.00107161722824,28.2340680076116
2086.02,2045,90.2853347114211,3.90030195026646,54.3583113505639
2086.03,2045,52.5332051560124,2.1709045769446,31.6881024048501
2087,2045,382.196815682473,17.1325884861945,229.388756432444
2088,2045,325.586481340687,10.5041023584573,219.519863758469
2089.01,2045,327.852132545356,5.8544142051368,277.723176222986
2089.02,2045,45.8054791302501,0.999598117371511,38.5759093504922
2089.03,2045,241.751201408346,2.95600239682969,208.190207181489
2089.04,2045,255.798937211356,3.77514699491516,217.275403032092
2090,2045,472.875076509284,9.07007744038877,380.890972290514
2091,2045,315.643662252189,55.1860008003595,60.7938072106681
2092,2045,28.1924667990554,0.00343252391852342,3.33056354730018
2093,2045,131.131161070438,15.9592219970264,18.9500436750257
2094,2045,23.6545051647007,0.0164836217325389,3.2015013863598
2095,2045,87.8995375872129,0.0704565806099583,10.3668298479295
2096.01,2045,40.3020310709464,0.267270761578046,28.440295888683
2096.02,2045,53.1510181199993,12.8956063909989,16.462166938112
2097,2045,118.01911239563,15.8102189951755,61.25939280753
2098,2045,795.389719428875,44.0367728767952,371.939553412648
2099.01,2045,136.280305053412,1.32356025260733,85.2840990027955
2099.02,2045,220.481591610107,3.26922890261528,129.962918240923
2100,2045,422.567076285393,1.8494949055425,282.744578690131
2101,2045,592.680949582036,20.7427392179824,268.693300945051
2102,2045,403.238356616881,23.5971030969514,139.919794439928
2103,2045,6.57635146653921,0.116105444035936,3.63377325857966
2104,2045,52.6947421528002,5.53591376873676,7.12049438553669
2105,2045,81.6492981261508,8.57886429423835,11.0452373411123
2106,2045,912.671464313406,33.9394185736328,443.586299462344
2107,2045,4.39341447737672,0.0371256719347298,2.63672086646828
2108,2045,1995.32300761494,57.2510700050833,759.206406324687
2109,2045,39.5128137134765,4.13086014374497,5.46959420945304
2110,2045,469.030044618916,13.4570102367487,178.449210985289
2111.01,2045,595.501323035878,17.1071233448772,227.021712672898
2111.02,2045,322.113436660828,13.9998882840167,212.943101833365
2112.01,2045,198.347516362753,9.76895055756954,153.026448936037
2112.02,2045,60.5352214299496,3.00870881858596,47.1765542754279
2112.03,2045,39.8742552312004,1.98182183057656,31.0749663034404
2112.04,2045,76.8922965298489,3.90303928055261,59.8272491502662
2112.05,2045,13.5778271532759,5.4282315432013,5.28491677053046
2112.06,2045,48.9608826750626,2.74262509914744,37.8125196153949
2113,2045,30.3258368403279,0.654437549883289,21.9690246355508
2114.01,2045,197.13500859494,5.65543305753608,75.0784269757807
2114.02,2045,378.208411102656,11.0289523233754,153.908552191905
2114.03,2045,286.085276120796,16.9684123109026,89.9605132496523
2115.01,2045,213.153604377387,7.40592276173632,55.5377514004281
2115.02,2045,601.554698583522,48.4388929931178,122.65724943846
2116.01,2045,1416.37040538771,42.0274712018382,538.524958108332
2116.02,2045,267.849745177882,7.68092054378267,101.9536084218
2117.01,2045,1088.24208363892,31.2186690660371,413.986698484405
2117.02,2045,295.208082079941,8.47066645252897,113.26543536525
2118,2045,2404.53503066597,223.040829707919,827.018496748657
2119,2045,2610.53350747648,242.36838517989,897.643225201206
2120,2045,2046.55807390596,189.118295459547,704.197825353411
2121,2045,1018.0782847649,94.4067732083563,350.198376398055
2122,2045,285.753045085481,12.7855546339564,157.546352193171
2123,2045,104.210028887853,8.01996443459106,41.1747991295643
2124,2045,61.3778323703384,4.6483124996871,22.719715554741
2125,2045,290.082558954868,42.249723626683,46.9935102309227
2126,2045,405.262461269967,22.0283231144605,226.21435116878
2127,2045,62.0497804186367,0.260237709749041,55.9108336066535
2128,2045,371.334167013079,116.221861763614,111.273161639238
2129,2045,57.9977035155296,0.712322131963753,43.5878277427707
2130,2045,86.3813271095539,0.465132532919811,80.3245733228584
2131,2045,323.278278528813,62.085196834615,150.894931618908
2132,2045,286.336889110575,13.3800302440754,140.219988489967
2133,2045,144.897313546699,4.99539477521172,83.1588613360692
2134,2045,67.9666930056132,1.3498663362447,46.7422879609132
2135,2045,460.505711069834,183.633459758892,151.470982313042
2136,2045,229.987502773944,1.04488271962641,187.39475021575
2137,2045,128.437021053638,11.0411621898898,71.3966003447383
2138,2045,1050.73691652978,249.793793355185,547.272916727172
2139,2045,576.207900046325,172.296678309876,230.267771971581
2140,2045,1047.95036113924,351.052089811116,253.162412470089
2141,2045,165.423982815362,2.23666768596674,130.51713562941
2142,2045,1651.86610923507,516.308754020856,649.407112963378
2143,2045,90.0990759053541,3.94685037589728,59.8328852267009
2144,2045,1022.74245044059,103.514102186155,572.476507483508
2145,2045,1173.67842605519,154.124186004158,796.283491962614
2146,2045,129.360637703553,9.48472879525194,62.9221468116358
2147,2045,284.899689375441,163.743795433122,82.0671568745947
2148,2045,119.695546127875,4.94399491704565,106.609859732359
2149,2045,76.243313040987,0.00212519556702819,66.8543450465819
2150,2045,1207.58255953378,302.268377514175,509.210326223056
2151,2045,29.9991131636086,2.80019887267144,23.4271619232783
2152,2045,37.3216824583932,0.0643637521362184,19.8018430067091
2153,2045,83.0157352427498,2.84169296040172,22.230709774787
2154,2045,147.983494004334,5.07671849765428,39.4713310448678
2155,2045,69.919332639831,1.05271706137847,56.5821178783536
2156,2045,85.0183045572839,1.1740672309831,54.5632930952099
2157,2045,69.3117908323425,0.894640092462673,43.9943992198694
2158,2045,75.3516620335126,1.94508843292305,39.7119605185246
2159,2045,89.9976453972998,13.5252748709418,41.1032858159162
