Geo,Year,SFDU,MFDU,GQDU
1611,2019,254,537,1
1612,2019,294,622,1
1613,2019,101,207,1
1614,2019,199,166,1
1615,2019,21,321,1
1616,2019,6,127,1
1617,2019,20,303,1
1618,2019,596,3986,1
1619,2019,12,179,1
1620,2019,6,97,1
1621,2019,5,261,1
1622,2019,13,202,1
1623,2019,9,487,1
1624,2019,5,270,1
1625,2019,9,535,1
1626,2019,14,528,1
1627,2019,28,559,1
1628.01,2019,30,62,2107
1628.02,2019,28,57,2107
1628.03,2019,56,114,2107
1629,2019,76,158,1
1630.01,2019,43,364,1
1630.02,2019,22,187,1
1631,2019,21,163,1
1632.01,2019,144,226,1
1632.02,2019,140,220,1
1632.03,2019,116,181,1
1632.04,2019,75,118,1
1633,2019,15,31,1
1634,2019,76,120,1
1635,2019,271,966,1
1636,2019,112,958,1
1637,2019,1135,131,1
1638.01,2019,796,89,1
1638.02,2019,398,191,1
1639.01,2019,86,116,1
1639.02,2019,143,201,1
1640,2019,252,354,1
1641,2019,273,393,1
1642,2019,684,242,1
1643,2019,581,1292,1
1644,2019,19,165,1
1645,2019,489,170,1
1646,2019,356,472,1
1647.01,2019,914,320,1
1647.02,2019,161,58,1
1648,2019,71,301,1
1649,2019,426,358,1
1650,2019,393,522,1
1651,2019,36,267,1
1652.01,2019,309,219,1
1652.02,2019,934,640,1
1653,2019,95,818,1
1654.01,2019,38,274,1
1654.02,2019,33,244,1
1655,2019,555,1464,1
1656,2019,946,1299,1
1657,2019,419,559,1
1658,2019,95,240,1
1659,2019,28,1091,1
1660,2019,167,179,1
1661,2019,26,963,1
1662.01,2019,90,182,1
1662.02,2019,147,295,1
1662.03,2019,86,175,1
1663,2019,319,1002,1
1664,2019,135,705,1
1665.01,2019,841,1715,1
1665.02,2019,130,594,1
1666,2019,91,782,1
1667,2019,65,565,1
1668,2019,71,620,1
1669,2019,39,750,1
1670,2019,41,786,1
1671,2019,231,1299,1
1672.01,2019,149,766,1
1672.02,2019,36,180,1
1673.01,2019,43,15,1
1673.02,2019,138,50,1
1673.03,2019,254,85,1
1674,2019,146,1422,1
1675.01,2019,405,135,1
1675.02,2019,183,62,1
1676.01,2019,123,41,1
1676.02,2019,273,91,1
1676.03,2019,154,51,1
1677,2019,0,0,1
1678,2019,57,97,1
1679,2019,58,99,1
1680,2019,4,7,1
1681,2019,52,80,1
1682.01,2019,22,37,1
1682.02,2019,16,28,1
1683,2019,75,129,1
1684,2019,59,100,1
1685,2019,32,55,1
1686,2019,210,359,1
1687,2019,10,500,1
1688.01,2019,22,38,1
1688.02,2019,47,81,1
1688.03,2019,23,39,1
1689.01,2019,16,28,1
1689.02,2019,27,45,1
1689.03,2019,25,43,1
1690.01,2019,27,47,1
1690.02,2019,24,42,1
1691,2019,27,52,1
1692,2019,137,289,1
1693,2019,144,309,1
1694,2019,358,731,1
1695,2019,702,1478,1
1696,2019,750,13,1
1697,2019,1057,1146,1
1698,2019,15,32,1
1699,2019,588,2460,1
1700,2019,26,610,1
1701,2019,20,462,1
1702,2019,10,128,1
1703,2019,107,36,1
1704.01,2019,96,32,1
1704.02,2019,77,26,1
1704.03,2019,49,16,1
1705,2019,312,298,1
1706,2019,586,1271,1
1707,2019,147,1661,1
1708,2019,13,420,1
1709,2019,16,260,1
1710,2019,15,257,1
1711,2019,10,285,1
1712,2019,23,383,1
1713,2019,24,394,1
1714,2019,27,447,1
1715,2019,17,577,1
1716,2019,5,120,1
1717,2019,66,1296,1
1718,2019,15,371,1
1719,2019,34,831,1
1720,2019,114,155,1
1721,2019,218,297,1
1722,2019,102,147,1
1723,2019,172,236,1
1724,2019,277,650,1
1725.01,2019,18,25,1
1725.02,2019,29,40,1
1726.01,2019,21,33,1
1726.02,2019,16,28,1
1727,2019,37,150,1
1728.01,2019,148,111,1
1728.02,2019,158,128,1
1729.01,2019,25,104,1
1729.02,2019,20,82,1
1730.01,2019,160,120,1
1730.02,2019,175,142,1
1731.01,2019,199,169,1
1731.02,2019,198,168,1
1731.03,2019,99,83,1
1732,2019,1844,1614,1
1733,2019,572,1183,1
1734,2019,931,1377,1
1735,2019,51,1082,1
1736,2019,333,1118,1
1737,2019,339,553,1
1738,2019,235,358,1
1739.01,2019,182,153,1
1739.02,2019,111,93,1
1739.03,2019,128,108,1
1740,2019,461,476,1
1741.01,2019,196,167,1
1741.02,2019,91,77,1
1741.03,2019,159,136,1
1742.01,2019,86,129,1
1742.02,2019,61,88,1
1743,2019,139,202,1
1744.01,2019,13,91,1
1744.02,2019,4,27,1
1745,2019,49,213,1
1746,2019,405,278,1
1747,2019,785,656,1
1748,2019,655,631,1
1749,2019,116,39,1
1750.01,2019,538,166,1
1750.02,2019,101,33,1
1750.03,2019,215,66,1
1751,2019,1113,302,1
1752.01,2019,705,465,1
1752.02,2019,819,333,1
1753.01,2019,52,17,1
1753.02,2019,113,38,1
1753.03,2019,73,24,1
1754.01,2019,71,24,1
1754.02,2019,103,34,1
1754.03,2019,66,22,1
1755,2019,146,49,1
1756,2019,339,114,1
1757,2019,70,651,1
1758,2019,57,559,1
1759,2019,49,713,1
1760,2019,87,832,1
1761,2019,520,761,1
1762,2019,60,882,1
1763,2019,32,675,1
1764,2019,32,694,1
1765,2019,11,502,1
1766,2019,21,769,1
1767,2019,498,1115,1
1768,2019,1100,1209,1
1769,2019,495,1590,1
1770.01,2019,0,44,1
1770.02,2019,0,22,1
1771,2019,213,618,1
1772,2019,257,991,1
1773,2019,0,66,1
1774,2019,1,338,1
1775,2019,21,530,1
1776,2019,5,67,1
1777,2019,9,363,1
1778,2019,152,849,1
1779,2019,243,1352,1
1780,2019,13,581,1
1781,2019,4,177,1
1782,2019,8,383,1
1783,2019,25,504,1
1784,2019,235,328,1
1785,2019,75,112,1
1786,2019,210,313,1
1787,2019,177,266,1
1788,2019,29,547,1
1789,2019,116,436,1
1790,2019,492,878,1
1791,2019,114,277,1
1792,2019,32,171,1
1793.01,2019,18,112,1
1793.02,2019,6,37,1
1794,2019,318,8,1
1795,2019,243,361,1
1796.01,2019,109,167,1
1796.02,2019,229,353,1
1796.03,2019,379,249,1
1797.01,2019,74,114,1
1797.02,2019,89,139,1
1797.03,2019,40,62,1
1798.01,2019,40,252,1
1798.02,2019,29,184,1
1798.03,2019,35,217,1
1798.04,2019,30,174,1
1799,2019,52,443,1
1800.01,2019,205,310,1
1800.02,2019,124,192,1
1800.03,2019,206,310,1
1800.04,2019,45,68,1
1800.05,2019,192,289,1
1800.06,2019,93,141,1
1801,2019,12,67,1
1802,2019,569,657,1
1803,2019,174,201,1
1804,2019,276,321,1
1805,2019,269,1102,1
1806,2019,88,337,1
1807,2019,385,884,1
1808,2019,555,649,1
1809,2019,135,156,1
1810,2019,905,828,1
1811,2019,233,507,1
1812,2019,240,220,1
1813,2019,75,68,1
1814.01,2019,274,68,1
1814.02,2019,207,82,1
1815,2019,174,195,1
1816,2019,112,756,1
1817.01,2019,524,129,1
1817.02,2019,144,35,1
1817.03,2019,338,83,1
1818,2019,114,205,1
1819,2019,121,218,1
1820,2019,162,418,1
1821,2019,159,959,1
1822,2019,78,503,1
1823,2019,158,1215,1
1824,2019,140,710,1
1825,2019,28,271,1
1826,2019,122,475,1
1827,2019,36,581,1
1828,2019,20,547,1
1829,2019,5,124,1
1830,2019,45,393,1
1831,2019,369,499,1
1832.01,2019,42,57,1
1832.02,2019,70,94,1
1832.03,2019,17,23,1
1833.01,2019,1,28,1
1833.02,2019,21,28,1
1833.03,2019,6,16,1
1834,2019,11,272,1
1835,2019,3,74,1
1836,2019,32,111,1
1837,2019,196,36,1
1838.01,2019,117,29,1
1838.02,2019,44,8,1
1839,2019,74,13,1
1840,2019,155,28,1
1841.01,2019,41,7,1
1841.02,2019,45,8,1
1841.03,2019,89,16,1
1841.04,2019,41,7,1
1842.01,2019,153,28,1
1842.02,2019,54,10,1
1843.01,2019,88,16,1
1843.02,2019,220,40,1
1844,2019,89,16,1
1845.01,2019,49,11,1
1845.02,2019,83,19,1
1845.03,2019,55,10,1
1846.01,2019,119,27,1
1846.02,2019,72,13,1
1847.01,2019,393,277,1
1847.02,2019,331,233,1
1848.01,2019,48,65,1
1848.02,2019,63,67,1
1849.01,2019,31,42,1
1849.02,2019,51,48,1
1850,2019,43,59,1
1851.01,2019,48,331,1
1851.02,2019,259,671,1
1852.01,2019,3,22,1
1852.02,2019,11,46,1
1853.01,2019,7,65,1
1853.02,2019,14,44,1
1854.01,2019,3,21,1
1854.02,2019,7,54,1
1855,2019,154,28,1
1856,2019,77,138,1
1857,2019,305,536,1
1858,2019,2138,1012,1
1859,2019,193,44,1
1860,2019,158,77,1
1861,2019,213,604,1
1862,2019,160,453,1
1863,2019,293,1013,1
1864,2019,169,145,1
1865.01,2019,117,97,1
1865.02,2019,67,53,1
1865.03,2019,68,58,1
1865.04,2019,30,26,1
1866.01,2019,155,78,1
1866.02,2019,171,86,1
1866.03,2019,156,128,1
1867.01,2019,401,194,1
1867.02,2019,128,65,1
1868.01,2019,154,28,1
1868.02,2019,214,41,1
1868.03,2019,183,33,1
1869.01,2019,167,144,1
1869.02,2019,139,102,1
1870,2019,254,224,1
1871,2019,43,375,1
1872,2019,155,549,1
1873,2019,22,77,1
1874,2019,217,376,1
1875,2019,9,34,1
1876,2019,33,215,1
1877,2019,5,53,1
1878,2019,14,96,1
1879,2019,43,119,1
1880,2019,76,913,1
1881,2019,234,643,1
1882,2019,31,557,1
1883,2019,235,650,1
1884,2019,43,681,1
1885,2019,8,224,1
1886,2019,9,238,1
1887,2019,17,270,1
1888,2019,4,96,1
1889,2019,15,374,1
1890,2019,7,180,1
1891,2019,41,508,1
1892,2019,41,446,1
1893,2019,4,109,1
1894,2019,8,205,1
1895,2019,23,592,1
1896,2019,6,188,1
1897,2019,9,274,1
1898,2019,4,121,1
1899,2019,8,219,1
1900,2019,15,281,1
1901.01,2019,121,44,1
1901.02,2019,215,78,1
1901.03,2019,116,42,1
1902,2019,478,303,1
1903,2019,456,1084,1
1904,2019,63,23,1
1905,2019,1832,1337,1
1906.01,2019,164,137,1
1906.02,2019,65,53,1
1907,2019,185,31,1
1908,2019,1716,646,1
1909,2019,58,9,1
1910,2019,67,24,1
1911,2019,613,226,1
1912,2019,197,72,1
1913,2019,372,414,1
1914,2019,304,338,1
1915,2019,48,761,1
1916,2019,43,529,1
1917,2019,19,292,1
1918,2019,181,1183,1
1919,2019,248,1477,1
1920,2019,177,672,1
1921,2019,49,224,1
1922,2019,115,677,1
1923,2019,34,129,1
1924,2019,157,514,1
1925,2019,44,175,1
1926,2019,39,159,1
1927,2019,51,194,1
1928,2019,155,202,1
1929,2019,21,128,1
1930,2019,41,414,1
1931,2019,642,1346,1
1932,2019,155,387,1
1933,2019,316,410,1
1934,2019,182,235,1
1935,2019,865,1035,1
1936,2019,332,434,1
1937,2019,228,203,1
1938,2019,414,538,1
1939,2019,288,260,1
1940,2019,429,375,1
1941,2019,27,36,1
1942,2019,3,20,1
1943.01,2019,1,14,1
1943.02,2019,1,11,1
1943.03,2019,3,30,1
1944.01,2019,71,15,1
1944.02,2019,173,34,1
1944.03,2019,233,43,1
1944.04,2019,56,10,1
1944.05,2019,323,66,1
1944.06,2019,124,23,1
1945.01,2019,19,21,1
1945.02,2019,120,134,1
1945.03,2019,156,167,1
1946,2019,96,107,1
1947,2019,70,783,1
1948,2019,74,530,1
1949,2019,64,532,1
1950,2019,170,992,1
1951,2019,86,737,1
1952,2019,298,605,1
1953,2019,88,792,1
1954,2019,199,1489,1
1955,2019,14,82,1
1956,2019,40,221,1
1957,2019,948,271,1
1958,2019,91,26,1
1959,2019,107,811,1
1960,2019,92,539,1
1961,2019,354,701,1
1962,2019,589,1262,1
1963,2019,491,503,1
1964,2019,155,148,1
1965,2019,53,241,1
1966.01,2019,92,90,1
1966.02,2019,163,159,1
1967,2019,364,357,1
1968.01,2019,647,161,1
1968.02,2019,252,62,1
1969.01,2019,128,49,1
1969.02,2019,250,95,1
1970,2019,223,211,1
1971,2019,381,150,1
1972.01,2019,44,41,1
1972.02,2019,62,58,1
1972.03,2019,47,44,1
1972.04,2019,109,105,1
1973.01,2019,114,44,1
1973.02,2019,163,61,1
1973.03,2019,102,39,1
1973.04,2019,132,51,1
1974,2019,573,541,1
1975,2019,296,1092,1
1976,2019,567,1239,1
1977,2019,120,544,1
1978,2019,225,1392,1
1979,2019,149,1768,1
1980,2019,113,1106,1
1981,2019,202,932,1
1982,2019,1552,1269,1
1983,2019,22,179,1
1984,2019,102,827,1
1985,2019,131,1040,1
1986,2019,770,2732,1
1987,2019,109,816,1
1988,2019,42,460,1
1989.01,2019,451,1534,1
1989.02,2019,28,95,1
1989.03,2019,17,57,1
1990,2019,1113,1011,1
1991,2019,99,96,1
1992,2019,46,45,1
1993,2019,7,18,1
1994,2019,39,79,1
1995,2019,12,35,1
1996,2019,296,800,1
1997,2019,31,241,1
1998,2019,408,1216,1
1999,2019,199,324,1
2000,2019,386,633,1
2001,2019,234,370,1
2002,2019,580,188,1
2003,2019,669,466,1
2004,2019,20,103,1
2005,2019,16,118,1
2006.01,2019,337,293,1
2006.02,2019,40,35,1
2007,2019,1265,1298,1
2008,2019,62,890,1
2009,2019,97,287,1
2010,2019,81,82,1
2011,2019,96,624,1
2012.01,2019,30,162,1
2012.02,2019,13,47,1
2013.01,2019,58,342,1
2013.02,2019,12,60,1
2014,2019,306,533,1
2015,2019,194,338,1
2016,2019,29,51,1
2017,2019,32,55,1
2018.01,2019,30,25,1
2018.02,2019,60,50,1
2018.03,2019,59,49,1
2019,2019,82,140,1
2020,2019,586,508,1
2021,2019,386,323,1
2022,2019,100,84,1
2023,2019,646,550,1
2024,2019,130,131,1
2025.01,2019,91,92,1
2025.02,2019,57,58,1
2025.03,2019,45,46,1
2026,2019,33,33,1
2027,2019,66,66,1
2028,2019,74,75,1
2029,2019,44,44,1
2030,2019,126,128,1
2031,2019,80,231,1
2032,2019,86,230,1
2033,2019,541,1586,1
2034,2019,707,1632,1
2035,2019,252,1162,1
2036.01,2019,171,17,1
2036.02,2019,112,42,1
2036.03,2019,56,2,1
2037,2019,74,654,1
2038,2019,1101,1756,1
2039,2019,170,352,1
2040,2019,99,289,1
2041,2019,75,531,1
2042,2019,127,1282,1
2043,2019,43,311,1
2044.01,2019,1703,461,1
2044.02,2019,167,46,1
2045,2019,306,82,1
2046,2019,28,56,1
2047.01,2019,262,642,1
2047.02,2019,63,54,1
2048,2019,17,683,1
2049,2019,189,1193,1
2050,2019,44,284,1
2051,2019,77,504,1
2052,2019,610,692,1
2053,2019,87,535,1
2054,2019,461,546,1
2055,2019,37,226,1
2056,2019,23,147,1
2057,2019,81,528,1
2058,2019,69,311,1
2059,2019,902,478,1
2060,2019,725,619,1
2061.01,2019,55,26,1
2061.02,2019,224,97,1
2062.01,2019,14,74,1
2062.02,2019,65,179,1
2062.03,2019,145,947,1
2063.01,2019,677,852,1
2063.02,2019,37,16,1
2064,2019,336,126,1
2065,2019,1030,386,1
2066.01,2019,8,12,1
2066.02,2019,372,558,1
2067,2019,300,817,1
2068,2019,206,2251,1
2069.01,2019,326,1069,1
2069.02,2019,29,61,1
2070,2019,407,856,1
2071,2019,18,598,1
2072,2019,210,1234,1
2073.01,2019,569,193,1
2073.02,2019,179,61,1
2073.03,2019,802,1130,1
2074.01,2019,124,46,1
2074.02,2019,39,74,1
2075.01,2019,169,108,1
2075.02,2019,402,256,1
2076.01,2019,570,363,1
2076.02,2019,570,366,1
2076.03,2019,93,59,1
2077,2019,34,533,1
2078,2019,10,175,1
2079.01,2019,77,119,1
2079.02,2019,526,902,1
2080.01,2019,27,44,1
2080.02,2019,44,66,1
2080.03,2019,24,41,1
2080.04,2019,62,105,1
2081,2019,418,479,1
2082,2019,1350,2304,1
2083,2019,247,223,1
2084,2019,134,114,1
2085.01,2019,164,148,1
2085.02,2019,778,701,1
2086.01,2019,14,46,1
2086.02,2019,9,74,1
2086.03,2019,16,50,1
2087,2019,42,323,1
2088,2019,103,1106,1
2089.01,2019,393,5,135
2089.02,2019,54,1,135
2089.03,2019,118,1,1
2089.04,2019,184,93,135
2090,2019,552,78,1
2091,2019,55,326,1
2092,2019,10,87,1
2093,2019,29,241,1
2094,2019,2,65,1
2095,2019,5,243,1
2096.01,2019,97,572,1
2096.02,2019,31,169,1
2097,2019,62,115,1
2098,2019,207,320,1
2099.01,2019,108,206,1
2099.02,2019,146,276,1
2100,2019,404,780,1
2101,2019,99,175,1
2102,2019,223,396,1
2103,2019,6,8,1
2104,2019,70,124,1
2105,2019,108,192,1
2106,2019,1093,1210,1
2107,2019,13,52,1
2108,2019,140,273,1
2109,2019,52,92,1
2110,2019,32,63,1
2111.01,2019,41,80,1
2111.02,2019,150,16,1
2112.01,2019,123,7,1
2112.02,2019,38,1,1
2112.03,2019,25,1,1
2112.04,2019,49,1,1
2112.05,2019,6,0,1
2112.06,2019,31,1,1
2113,2019,39,218,1
2114.01,2019,14,29,1
2114.02,2019,54,351,1
2114.03,2019,44,253,1
2115.01,2019,54,227,1
2115.02,2019,84,421,1
2116.01,2019,100,194,1
2116.02,2019,18,36,1
2117.01,2019,74,146,1
2117.02,2019,23,67,1
2118,2019,64,169,1
2119,2019,66,175,1
2120,2019,52,132,1
2121,2019,26,66,1
2122,2019,165,187,1
2123,2019,15,18,1
2124,2019,3,23,1
2125,2019,264,1651,1
2126,2019,114,1302,1
2127,2019,93,986,1
2128,2019,381,2147,1
2129,2019,105,658,1
2130,2019,144,971,1
2131,2019,76,1205,1
2132,2019,177,1934,1
2133,2019,152,1428,1
2134,2019,103,927,1
2135,2019,138,1795,1
2136,2019,176,1232,1
2137,2019,230,1216,1
2138,2019,504,1602,1
2139,2019,224,955,1
2140,2019,343,1156,1
2141,2019,115,625,1
2142,2019,671,1849,1
2143,2019,30,971,1
2144,2019,282,2102,1
2145,2019,358,1669,1
2146,2019,301,1566,1
2147,2019,213,1716,1
2148,2019,150,801,1
2149,2019,16,258,1
2150,2019,557,2016,1
2151,2019,3,90,1
2152,2019,10,310,1
2153,2019,6,186,1
2154,2019,10,332,1
2155,2019,19,456,1
2156,2019,7,384,1
2157,2019,6,311,1
2158,2019,18,556,1
2159,2019,9,146,1
1611,2045,262,553,2
1612,2045,294,622,2
1613,2045,133,273,2
1614,2045,210,176,2
1615,2045,22,324,2
1616,2045,6,127,2
1617,2045,21,310,2
1618,2045,602,4022,2
1619,2045,13,186,2
1620,2045,7,109,2
1621,2045,6,264,2
1622,2045,14,209,2
1623,2045,9,486,2
1624,2045,5,269,2
1625,2045,9,531,2
1626,2045,14,523,2
1627,2045,29,569,2
1628.01,2045,30,62,2851
1628.02,2045,18,36,2851
1628.03,2045,83,169,2851
1629,2045,82,170,2
1630.01,2045,43,364,2
1630.02,2045,103,868,2
1631,2045,84,651,2
1632.01,2045,69,107,2
1632.02,2045,89,140,2
1632.03,2045,365,568,2
1632.04,2045,18,28,2
1633,2045,15,31,2
1634,2045,349,551,2
1635,2045,271,966,2
1636,2045,116,988,2
1637,2045,1335,154,2
1638.01,2045,1052,118,2
1638.02,2045,428,206,2
1639.01,2045,86,116,2
1639.02,2045,408,574,2
1640,2045,329,463,2
1641,2045,287,412,2
1642,2045,1188,421,2
1643,2045,603,1339,2
1644,2045,75,648,2
1645,2045,653,227,2
1646,2045,517,686,2
1647.01,2045,622,218,2
1647.02,2045,731,264,2
1648,2045,72,305,2
1649,2045,435,366,2
1650,2045,466,618,2
1651,2045,38,279,2
1652.01,2045,457,324,2
1652.02,2045,897,614,2
1653,2045,97,836,2
1654.01,2045,29,202,2
1654.02,2045,59,430,2
1655,2045,635,1673,2
1656,2045,953,1308,2
1657,2045,544,726,2
1658,2045,126,318,2
1659,2045,30,1133,2
1660,2045,169,181,2
1661,2045,26,961,2
1662.01,2045,85,172,2
1662.02,2045,155,312,2
1662.03,2045,161,327,2
1663,2045,362,1134,2
1664,2045,135,704,2
1665.01,2045,886,1805,2
1665.02,2045,115,524,2
1666,2045,96,821,2
1667,2045,78,675,2
1668,2045,76,656,2
1669,2045,40,762,2
1670,2045,42,797,2
1671,2045,233,1309,2
1672.01,2045,55,279,2
1672.02,2045,134,668,2
1673.01,2045,96,34,2
1673.02,2045,180,65,2
1673.03,2045,299,100,2
1674,2045,149,1442,2
1675.01,2045,456,152,2
1675.02,2045,1072,363,2
1676.01,2045,324,108,2
1676.02,2045,310,104,2
1676.03,2045,154,51,2
1677,2045,0,0,2
1678,2045,57,97,2
1679,2045,58,99,2
1680,2045,4,7,2
1681,2045,52,80,2
1682.01,2045,22,37,2
1682.02,2045,16,28,2
1683,2045,74,127,2
1684,2045,59,100,2
1685,2045,32,55,2
1686,2045,211,361,2
1687,2045,11,501,2
1688.01,2045,22,38,2
1688.02,2045,47,81,2
1688.03,2045,23,39,2
1689.01,2045,16,28,2
1689.02,2045,27,45,2
1689.03,2045,25,43,2
1690.01,2045,27,47,2
1690.02,2045,24,42,2
1691,2045,480,924,2
1692,2045,137,288,2
1693,2045,144,309,2
1694,2045,367,749,2
1695,2045,915,1926,2
1696,2045,933,17,2
1697,2045,1542,1671,2
1698,2045,15,32,2
1699,2045,594,2482,2
1700,2045,27,621,2
1701,2045,22,488,2
1702,2045,13,156,2
1703,2045,161,55,2
1704.01,2045,96,32,2
1704.02,2045,77,26,2
1704.03,2045,1369,448,2
1705,2045,683,653,2
1706,2045,680,1473,2
1707,2045,152,1718,2
1708,2045,14,436,2
1709,2045,17,268,2
1710,2045,16,271,2
1711,2045,11,309,2
1712,2045,25,415,2
1713,2045,25,401,2
1714,2045,28,454,2
1715,2045,19,624,2
1716,2045,6,124,2
1717,2045,66,1283,2
1718,2045,16,384,2
1719,2045,36,861,2
1720,2045,115,157,2
1721,2045,218,297,2
1722,2045,104,149,2
1723,2045,181,247,2
1724,2045,302,707,2
1725.01,2045,192,266,2
1725.02,2045,110,152,2
1726.01,2045,172,269,2
1726.02,2045,43,76,2
1727,2045,296,1199,2
1728.01,2045,643,483,2
1728.02,2045,1741,1411,2
1729.01,2045,195,812,2
1729.02,2045,167,685,2
1730.01,2045,452,339,2
1730.02,2045,355,289,2
1731.01,2045,311,265,2
1731.02,2045,314,266,2
1731.03,2045,836,701,2
1732,2045,2169,1899,2
1733,2045,644,1331,2
1734,2045,1019,1508,2
1735,2045,53,1112,2
1736,2045,340,1140,2
1737,2045,346,564,2
1738,2045,230,351,2
1739.01,2045,193,163,2
1739.02,2045,111,93,2
1739.03,2045,1330,1122,2
1740,2045,882,911,2
1741.01,2045,426,363,2
1741.02,2045,1043,882,2
1741.03,2045,159,136,2
1742.01,2045,500,750,2
1742.02,2045,628,905,2
1743,2045,139,202,2
1744.01,2045,33,226,2
1744.02,2045,267,1798,2
1745,2045,50,218,2
1746,2045,516,355,2
1747,2045,788,658,2
1748,2045,679,654,2
1749,2045,749,252,2
1750.01,2045,274,85,2
1750.02,2045,958,314,2
1750.03,2045,263,81,2
1751,2045,1117,304,2
1752.01,2045,1426,941,2
1752.02,2045,819,333,2
1753.01,2045,426,140,2
1753.02,2045,733,247,2
1753.03,2045,195,65,2
1754.01,2045,71,24,2
1754.02,2045,126,42,2
1754.03,2045,424,142,2
1755,2045,1878,630,2
1756,2045,350,118,2
1757,2045,75,691,2
1758,2045,61,589,2
1759,2045,50,716,2
1760,2045,89,843,2
1761,2045,530,776,2
1762,2045,61,894,2
1763,2045,34,700,2
1764,2045,33,696,2
1765,2045,12,528,2
1766,2045,22,776,2
1767,2045,770,1723,2
1768,2045,1117,1227,2
1769,2045,530,1700,2
1770.01,2045,0,525,2
1770.02,2045,0,90,2
1771,2045,216,624,2
1772,2045,305,1176,2
1773,2045,0,66,2
1774,2045,1,338,2
1775,2045,21,523,2
1776,2045,5,67,2
1777,2045,9,361,2
1778,2045,158,881,2
1779,2045,248,1376,2
1780,2045,13,580,2
1781,2045,5,178,2
1782,2045,8,382,2
1783,2045,25,504,2
1784,2045,235,328,2
1785,2045,75,112,2
1786,2045,213,316,2
1787,2045,173,259,2
1788,2045,30,557,2
1789,2045,118,443,2
1790,2045,496,886,2
1791,2045,114,277,2
1792,2045,32,171,2
1793.01,2045,32,195,2
1793.02,2045,31,192,2
1794,2045,322,9,2
1795,2045,267,396,2
1796.01,2045,405,621,2
1796.02,2045,80,122,2
1796.03,2045,326,215,2
1797.01,2045,271,417,2
1797.02,2045,11,17,2
1797.03,2045,190,293,2
1798.01,2045,66,414,2
1798.02,2045,38,235,2
1798.03,2045,102,627,2
1798.04,2045,25,143,2
1799,2045,55,461,2
1800.01,2045,107,161,2
1800.02,2045,325,502,2
1800.03,2045,63,94,2
1800.04,2045,280,423,2
1800.05,2045,456,686,2
1800.06,2045,22,33,2
1801,2045,12,67,2
1802,2045,602,695,2
1803,2045,175,203,2
1804,2045,963,1119,2
1805,2045,282,1152,2
1806,2045,109,416,2
1807,2045,382,875,2
1808,2045,582,681,2
1809,2045,148,171,2
1810,2045,1068,978,2
1811,2045,255,555,2
1812,2045,254,232,2
1813,2045,75,68,2
1814.01,2045,275,69,2
1814.02,2045,207,82,2
1815,2045,175,197,2
1816,2045,121,811,2
1817.01,2045,2822,695,2
1817.02,2045,144,35,2
1817.03,2045,338,83,2
1818,2045,138,249,2
1819,2045,121,218,2
1820,2045,165,425,2
1821,2045,159,957,2
1822,2045,81,518,2
1823,2045,161,1233,2
1824,2045,142,716,2
1825,2045,29,279,2
1826,2045,145,561,2
1827,2045,47,746,2
1828,2045,21,548,2
1829,2045,6,127,2
1830,2045,50,428,2
1831,2045,440,596,2
1832.01,2045,214,291,2
1832.02,2045,198,265,2
1832.03,2045,999,1352,2
1833.01,2045,11,295,2
1833.02,2045,808,1078,2
1833.03,2045,525,1399,2
1834,2045,13,304,2
1835,2045,4,86,2
1836,2045,32,110,2
1837,2045,196,36,2
1838.01,2045,1026,255,2
1838.02,2045,44,8,2
1839,2045,269,48,2
1840,2045,746,135,2
1841.01,2045,226,39,2
1841.02,2045,1542,275,2
1841.03,2045,144,26,2
1841.04,2045,131,23,2
1842.01,2045,153,28,2
1842.02,2045,54,10,2
1843.01,2045,88,16,2
1843.02,2045,770,140,2
1844,2045,590,107,2
1845.01,2045,576,130,2
1845.02,2045,2273,521,2
1845.03,2045,360,66,2
1846.01,2045,970,221,2
1846.02,2045,72,13,2
1847.01,2045,918,647,2
1847.02,2045,409,288,2
1848.01,2045,253,343,2
1848.02,2045,811,862,2
1849.01,2045,1250,1693,2
1849.02,2045,51,48,2
1850,2045,44,61,2
1851.01,2045,46,313,2
1851.02,2045,338,874,2
1852.01,2045,4,23,2
1852.02,2045,11,46,2
1853.01,2045,108,995,2
1853.02,2045,22,68,2
1854.01,2045,109,757,2
1854.02,2045,8,59,2
1855,2045,567,104,2
1856,2045,234,418,2
1857,2045,369,648,2
1858,2045,2203,1043,2
1859,2045,193,44,2
1860,2045,158,77,2
1861,2045,223,631,2
1862,2045,160,453,2
1863,2045,312,1077,2
1864,2045,464,398,2
1865.01,2045,685,568,2
1865.02,2045,819,648,2
1865.03,2045,68,58,2
1865.04,2045,777,674,2
1866.01,2045,264,133,2
1866.02,2045,159,80,2
1866.03,2045,217,179,2
1867.01,2045,1119,541,2
1867.02,2045,1180,600,2
1868.01,2045,1087,198,2
1868.02,2045,215,42,2
1868.03,2045,183,33,2
1869.01,2045,822,708,2
1869.02,2045,139,102,2
1870,2045,254,224,2
1871,2045,45,387,2
1872,2045,167,591,2
1873,2045,37,128,2
1874,2045,223,385,2
1875,2045,11,38,2
1876,2045,34,218,2
1877,2045,6,62,2
1878,2045,14,96,2
1879,2045,236,654,2
1880,2045,83,996,2
1881,2045,248,682,2
1882,2045,36,632,2
1883,2045,243,670,2
1884,2045,49,762,2
1885,2045,9,241,2
1886,2045,10,251,2
1887,2045,18,286,2
1888,2045,5,105,2
1889,2045,18,449,2
1890,2045,8,188,2
1891,2045,43,530,2
1892,2045,43,459,2
1893,2045,5,115,2
1894,2045,9,214,2
1895,2045,24,613,2
1896,2045,7,220,2
1897,2045,10,282,2
1898,2045,5,125,2
1899,2045,8,219,2
1900,2045,16,282,2
1901.01,2045,1337,487,2
1901.02,2045,215,78,2
1901.03,2045,128,46,2
1902,2045,561,356,2
1903,2045,447,1062,2
1904,2045,60,22,2
1905,2045,1894,1383,2
1906.01,2045,85,71,2
1906.02,2045,319,261,2
1907,2045,198,34,2
1908,2045,2111,795,2
1909,2045,58,9,2
1910,2045,67,24,2
1911,2045,612,226,2
1912,2045,393,144,2
1913,2045,391,436,2
1914,2045,309,343,2
1915,2045,56,887,2
1916,2045,46,556,2
1917,2045,23,345,2
1918,2045,185,1205,2
1919,2045,264,1572,2
1920,2045,282,1070,2
1921,2045,72,327,2
1922,2045,119,700,2
1923,2045,34,129,2
1924,2045,164,534,2
1925,2045,180,713,2
1926,2045,41,166,2
1927,2045,55,207,2
1928,2045,440,573,2
1929,2045,30,180,2
1930,2045,42,422,2
1931,2045,665,1394,2
1932,2045,157,392,2
1933,2045,318,412,2
1934,2045,183,236,2
1935,2045,901,1078,2
1936,2045,470,614,2
1937,2045,270,241,2
1938,2045,768,998,2
1939,2045,395,357,2
1940,2045,658,576,2
1941,2045,102,135,2
1942,2045,3,20,2
1943.01,2045,19,263,2
1943.02,2045,1,11,2
1943.03,2045,22,215,2
1944.01,2045,71,15,2
1944.02,2045,173,34,2
1944.03,2045,491,91,2
1944.04,2045,304,55,2
1944.05,2045,436,89,2
1944.06,2045,865,161,2
1945.01,2045,68,75,2
1945.02,2045,425,475,2
1945.03,2045,263,282,2
1946,2045,97,109,2
1947,2045,73,815,2
1948,2045,77,551,2
1949,2045,67,556,2
1950,2045,174,1016,2
1951,2045,86,735,2
1952,2045,317,642,2
1953,2045,92,821,2
1954,2045,202,1510,2
1955,2045,87,506,2
1956,2045,43,235,2
1957,2045,974,279,2
1958,2045,492,141,2
1959,2045,122,918,2
1960,2045,95,551,2
1961,2045,424,839,2
1962,2045,598,1281,2
1963,2045,498,511,2
1964,2045,150,143,2
1965,2045,73,331,2
1966.01,2045,89,88,2
1966.02,2045,163,159,2
1967,2045,358,352,2
1968.01,2045,974,243,2
1968.02,2045,252,62,2
1969.01,2045,630,242,2
1969.02,2045,250,95,2
1970,2045,224,212,2
1971,2045,381,150,2
1972.01,2045,79,73,2
1972.02,2045,272,255,2
1972.03,2045,47,44,2
1972.04,2045,230,222,2
1973.01,2045,756,292,2
1973.02,2045,163,61,2
1973.03,2045,510,195,2
1973.04,2045,610,236,2
1974,2045,583,550,2
1975,2045,304,1122,2
1976,2045,588,1283,2
1977,2045,120,542,2
1978,2045,233,1442,2
1979,2045,151,1786,2
1980,2045,116,1126,2
1981,2045,213,982,2
1982,2045,1691,1382,2
1983,2045,22,179,2
1984,2045,103,835,2
1985,2045,132,1047,2
1986,2045,768,2723,2
1987,2045,118,878,2
1988,2045,43,465,2
1989.01,2045,528,1794,2
1989.02,2045,42,143,2
1989.03,2045,17,57,2
1990,2045,1119,1016,2
1991,2045,99,96,2
1992,2045,75,73,2
1993,2045,7,18,2
1994,2045,154,312,2
1995,2045,12,35,2
1996,2045,306,825,2
1997,2045,30,227,2
1998,2045,424,1262,2
1999,2045,216,351,2
2000,2045,419,687,2
2001,2045,308,486,2
2002,2045,605,197,2
2003,2045,679,473,2
2004,2045,21,106,2
2005,2045,17,119,2
2006.01,2045,628,546,2
2006.02,2045,40,35,2
2007,2045,1316,1351,2
2008,2045,67,951,2
2009,2045,102,300,2
2010,2045,91,93,2
2011,2045,102,660,2
2012.01,2045,31,167,2
2012.02,2045,13,47,2
2013.01,2045,64,375,2
2013.02,2045,12,60,2
2014,2045,318,553,2
2015,2045,197,342,2
2016,2045,29,51,2
2017,2045,136,233,2
2018.01,2045,78,65,2
2018.02,2045,60,50,2
2018.03,2045,135,112,2
2019,2045,182,311,2
2020,2045,626,543,2
2021,2045,652,545,2
2022,2045,103,86,2
2023,2045,664,565,2
2024,2045,144,145,2
2025.01,2045,103,104,2
2025.02,2045,57,58,2
2025.03,2045,45,46,2
2026,2045,194,194,2
2027,2045,164,164,2
2028,2045,725,734,2
2029,2045,135,135,2
2030,2045,132,134,2
2031,2045,87,250,2
2032,2045,89,237,2
2033,2045,581,1702,2
2034,2045,909,2098,2
2035,2045,269,1240,2
2036.01,2045,710,71,2
2036.02,2045,112,42,2
2036.03,2045,56,2,2
2037,2045,75,655,2
2038,2045,993,1584,2
2039,2045,173,359,2
2040,2045,109,316,2
2041,2045,92,645,2
2042,2045,130,1312,2
2043,2045,44,319,2
2044.01,2045,2376,643,2
2044.02,2045,222,61,2
2045,2045,3200,858,2
2046,2045,45,89,2
2047.01,2045,508,1245,2
2047.02,2045,63,54,2
2048,2045,20,769,2
2049,2045,196,1233,2
2050,2045,48,305,2
2051,2045,80,518,2
2052,2045,685,777,2
2053,2045,91,558,2
2054,2045,486,575,2
2055,2045,69,421,2
2056,2045,44,281,2
2057,2045,101,656,2
2058,2045,76,341,2
2059,2045,2220,1177,2
2060,2045,919,785,2
2061.01,2045,129,61,2
2061.02,2045,372,161,2
2062.01,2045,62,328,2
2062.02,2045,429,1182,2
2062.03,2045,166,1081,2
2063.01,2045,41,52,2
2063.02,2045,1035,448,2
2064,2045,459,172,2
2065,2045,1213,455,2
2066.01,2045,122,183,2
2066.02,2045,266,398,2
2067,2045,335,911,2
2068,2045,210,2288,2
2069.01,2045,116,378,2
2069.02,2045,408,859,2
2070,2045,420,884,2
2071,2045,22,707,2
2072,2045,222,1299,2
2073.01,2045,569,193,2
2073.02,2045,1858,633,2
2073.03,2045,1857,2617,2
2074.01,2045,223,83,2
2074.02,2045,29,56,2
2075.01,2045,1017,650,2
2075.02,2045,863,550,2
2076.01,2045,346,221,2
2076.02,2045,478,307,2
2076.03,2045,468,297,2
2077,2045,36,552,2
2078,2045,11,180,2
2079.01,2045,77,119,2
2079.02,2045,772,1324,2
2080.01,2045,13,21,2
2080.02,2045,88,132,2
2080.03,2045,69,118,2
2080.04,2045,95,160,2
2081,2045,572,656,2
2082,2045,1392,2376,2
2083,2045,296,268,2
2084,2045,156,132,2
2085.01,2045,360,324,2
2085.02,2045,1578,1421,2
2086.01,2045,82,268,2
2086.02,2045,29,239,2
2086.03,2045,47,147,2
2087,2045,45,345,2
2088,2045,110,1181,2
2089.01,2045,490,7,183
2089.02,2045,497,10,183
2089.03,2045,38,1,2
2089.04,2045,184,93,183
2090,2045,552,78,2
2091,2045,59,345,2
2092,2045,12,97,2
2093,2045,29,241,2
2094,2045,2,65,2
2095,2045,8,353,2
2096.01,2045,130,763,2
2096.02,2045,94,512,2
2097,2045,124,230,2
2098,2045,338,523,2
2099.01,2045,75,144,2
2099.02,2045,343,647,2
2100,2045,404,780,2
2101,2045,99,175,2
2102,2045,263,468,2
2103,2045,15,20,2
2104,2045,91,162,2
2105,2045,108,192,2
2106,2045,1182,1309,2
2107,2045,13,52,2
2108,2045,170,330,2
2109,2045,101,178,2
2110,2045,99,193,2
2111.01,2045,41,80,2
2111.02,2045,551,59,2
2112.01,2045,123,7,2
2112.02,2045,356,10,2
2112.03,2045,44,2,2
2112.04,2045,77,2,2
2112.05,2045,6,0,2
2112.06,2045,79,3,2
2113,2045,42,234,2
2114.01,2045,128,264,2
2114.02,2045,47,302,2
2114.03,2045,9,50,2
2115.01,2045,57,239,2
2115.02,2045,82,411,2
2116.01,2045,100,194,2
2116.02,2045,18,36,2
2117.01,2045,74,146,2
2117.02,2045,23,67,2
2118,2045,74,196,2
2119,2045,66,175,2
2120,2045,52,132,2
2121,2045,26,66,2
2122,2045,165,187,2
2123,2045,15,18,2
2124,2045,3,23,2
2125,2045,266,1659,2
2126,2045,120,1369,2
2127,2045,107,1132,2
2128,2045,392,2209,2
2129,2045,115,718,2
2130,2045,139,934,2
2131,2045,88,1386,2
2132,2045,188,2049,2
2133,2045,153,1434,2
2134,2045,105,939,2
2135,2045,140,1819,2
2136,2045,177,1236,2
2137,2045,231,1218,2
2138,2045,527,1672,2
2139,2045,227,967,2
2140,2045,357,1203,2
2141,2045,118,639,2
2142,2045,686,1888,2
2143,2045,31,972,2
2144,2045,277,2063,2
2145,2045,386,1799,2
2146,2045,311,1615,2
2147,2045,226,1816,2
2148,2045,153,812,2
2149,2045,17,271,2
2150,2045,558,2017,2
2151,2045,3,90,2
2152,2045,11,313,2
2153,2045,6,186,2
2154,2045,10,331,2
2155,2045,21,488,2
2156,2045,8,386,2
2157,2045,6,311,2
2158,2045,19,567,2
2159,2045,9,146,2
